Id,OwnerId,IsDeleted,Name,CreatedDate,CreatedById,LastModifiedDate,LastModifiedById,SystemModstamp,LastViewedDate,LastReferencedDate,KSPRING17__Auto_number__c,KSPRING17__Currency__c,KSPRING17__ExtId__c,KSPRING17__ISO_Code__c,KSPRING17__Scale__c
a0q1I000000MqHZQA0,0051I000000ROnuQAG,False,XAG,2017-10-03T05:32:26.000+0000,0051I000000ROnuQAG,2017-10-03T05:32:26.000+0000,0051I000000ROnuQAG,2017-10-03T05:32:26.000+0000,,,0000000160,Silverÿ(OneÿTroy Ounce),&0AQZHqM000000I1q0a,XAG,
a0q1I000000MqHaQAK,0051I000000ROnuQAG,False,XAU,2017-10-03T05:32:26.000+0000,0051I000000ROnuQAG,2017-10-03T05:32:26.000+0000,0051I000000ROnuQAG,2017-10-03T05:32:26.000+0000,,,0000000161,Goldÿ(OneÿTroy Ounce),&KAQaHqM000000I1q0a,XAU,
a0q1I000000MqHbQAK,0051I000000ROnuQAG,False,XBA,2017-10-03T05:32:26.000+0000,0051I000000ROnuQAG,2017-10-03T05:32:26.000+0000,0051I000000ROnuQAG,2017-10-03T05:32:26.000+0000,,,0000000162,European Composite Unit(Eurco) (Bond Market Unit),&KAQbHqM000000I1q0a,XBA,
a0q1I000000MqHcQAK,0051I000000ROnuQAG,False,XBB,2017-10-03T05:32:26.000+0000,0051I000000ROnuQAG,2017-10-03T05:32:26.000+0000,0051I000000ROnuQAG,2017-10-03T05:32:26.000+0000,,,0000000163,European Monetary Unit(E.M.U.-6) (Bond Market Unit),&KAQcHqM000000I1q0a,XBB,
a0q1I000000MqHdQAK,0051I000000ROnuQAG,False,XBC,2017-10-03T05:32:26.000+0000,0051I000000ROnuQAG,2017-10-03T05:32:26.000+0000,0051I000000ROnuQAG,2017-10-03T05:32:26.000+0000,,,0000000164,European Unit Of Account 9(E.U.A.-9) (Bond Market Unit),&KAQdHqM000000I1q0a,XBC,
a0q1I000000MqHeQAK,0051I000000ROnuQAG,False,XBD,2017-10-03T05:32:26.000+0000,0051I000000ROnuQAG,2017-10-03T05:32:26.000+0000,0051I000000ROnuQAG,2017-10-03T05:32:26.000+0000,,,0000000165,European Unit Of Account 17(E.U.A.-17) (Bond Market Unit),&KAQeHqM000000I1q0a,XBD,
a0q1I000000MqHfQAK,0051I000000ROnuQAG,False,XCD,2017-10-03T05:32:26.000+0000,0051I000000ROnuQAG,2017-10-03T05:32:26.000+0000,0051I000000ROnuQAG,2017-10-03T05:32:26.000+0000,,,0000000166,East Caribbean Dollar,&KAQfHqM000000I1q0a,XCD,
a0q1I000000MqHgQAK,0051I000000ROnuQAG,False,XDR,2017-10-03T05:32:26.000+0000,0051I000000ROnuQAG,2017-10-03T05:32:26.000+0000,0051I000000ROnuQAG,2017-10-03T05:32:26.000+0000,,,0000000167,Special Drawing Rights,&KAQgHqM000000I1q0a,XDR,
a0q1I000000MqHhQAK,0051I000000ROnuQAG,False,XFU,2017-10-03T05:32:26.000+0000,0051I000000ROnuQAG,2017-10-03T05:32:26.000+0000,0051I000000ROnuQAG,2017-10-03T05:32:26.000+0000,,,0000000168,Uic Franc(Special Settlement Currency),&KAQhHqM000000I1q0a,XFU,
a0q1I000000MqHiQAK,0051I000000ROnuQAG,False,XOF,2017-10-03T05:32:26.000+0000,0051I000000ROnuQAG,2017-10-03T05:32:26.000+0000,0051I000000ROnuQAG,2017-10-03T05:32:26.000+0000,,,0000000169,Cfa Franc Bceao,&KAQiHqM000000I1q0a,XOF,
a0q1I000000MqHjQAK,0051I000000ROnuQAG,False,XPD,2017-10-03T05:32:26.000+0000,0051I000000ROnuQAG,2017-10-03T05:32:26.000+0000,0051I000000ROnuQAG,2017-10-03T05:32:26.000+0000,,,0000000170,Palladiumÿ(Onetroy Ounce),&KAQjHqM000000I1q0a,XPD,
a0q1I000000MqHkQAK,0051I000000ROnuQAG,False,XPF,2017-10-03T05:32:26.000+0000,0051I000000ROnuQAG,2017-10-03T05:32:26.000+0000,0051I000000ROnuQAG,2017-10-03T05:32:26.000+0000,,,0000000171,Cfp Francÿ(Franc Pacifique),&KAQkHqM000000I1q0a,XPF,
a0q1I000000MqHLQA0,0051I000000ROnuQAG,False,TWD,2017-10-03T05:32:26.000+0000,0051I000000ROnuQAG,2017-10-03T05:32:26.000+0000,0051I000000ROnuQAG,2017-10-03T05:32:26.000+0000,,,0000000146,New Taiwan Dollar,&0AQLHqM000000I1q0a,TWD,
a0q1I000000MqHMQA0,0051I000000ROnuQAG,False,TZS,2017-10-03T05:32:26.000+0000,0051I000000ROnuQAG,2017-10-03T05:32:26.000+0000,0051I000000ROnuQAG,2017-10-03T05:32:26.000+0000,,,0000000147,Tanzanian Shilling,&0AQMHqM000000I1q0a,TZS,
a0q1I000000MqHNQA0,0051I000000ROnuQAG,False,UAH,2017-10-03T05:32:26.000+0000,0051I000000ROnuQAG,2017-10-03T05:32:26.000+0000,0051I000000ROnuQAG,2017-10-03T05:32:26.000+0000,,,0000000148,Ukrainian Hryvnia,&0AQNHqM000000I1q0a,UAH,
a0q1I000000MqHOQA0,0051I000000ROnuQAG,False,UGX,2017-10-03T05:32:26.000+0000,0051I000000ROnuQAG,2017-10-03T05:32:26.000+0000,0051I000000ROnuQAG,2017-10-03T05:32:26.000+0000,,,0000000149,Ugandan Shilling,&0AQOHqM000000I1q0a,UGX,
a0q1I000000MqHPQA0,0051I000000ROnuQAG,False,USN,2017-10-03T05:32:26.000+0000,0051I000000ROnuQAG,2017-10-03T05:32:26.000+0000,0051I000000ROnuQAG,2017-10-03T05:32:26.000+0000,,,0000000150,United States Dollar (Next Day) (Funds Code),&0AQPHqM000000I1q0a,USN,
a0q1I000000MqHQQA0,0051I000000ROnuQAG,False,USS,2017-10-03T05:32:26.000+0000,0051I000000ROnuQAG,2017-10-03T05:32:26.000+0000,0051I000000ROnuQAG,2017-10-03T05:32:26.000+0000,,,0000000151,United States Dollar (Same Day) (Funds Code)[10],&0AQQHqM000000I1q0a,USS,
a0q1I000000MqHRQA0,0051I000000ROnuQAG,False,UYI,2017-10-03T05:32:26.000+0000,0051I000000ROnuQAG,2017-10-03T05:32:26.000+0000,0051I000000ROnuQAG,2017-10-03T05:32:26.000+0000,,,0000000152,Uruguay Peso En Unidades Indexadas (Uruiurui) (Funds Code),&0AQRHqM000000I1q0a,UYI,
a0q1I000000MqHSQA0,0051I000000ROnuQAG,False,UYU,2017-10-03T05:32:26.000+0000,0051I000000ROnuQAG,2017-10-03T05:32:26.000+0000,0051I000000ROnuQAG,2017-10-03T05:32:26.000+0000,,,0000000153,Uruguayan Peso,&0AQSHqM000000I1q0a,UYU,
a0q1I000000MqHTQA0,0051I000000ROnuQAG,False,UZS,2017-10-03T05:32:26.000+0000,0051I000000ROnuQAG,2017-10-03T05:32:26.000+0000,0051I000000ROnuQAG,2017-10-03T05:32:26.000+0000,,,0000000154,Uzbekistan Som,&0AQTHqM000000I1q0a,UZS,
a0q1I000000MqHUQA0,0051I000000ROnuQAG,False,VEF,2017-10-03T05:32:26.000+0000,0051I000000ROnuQAG,2017-10-03T05:32:26.000+0000,0051I000000ROnuQAG,2017-10-03T05:32:26.000+0000,,,0000000155,Venezuelan Bol¡var,&0AQUHqM000000I1q0a,VEF,
a0q1I000000MqHVQA0,0051I000000ROnuQAG,False,VND,2017-10-03T05:32:26.000+0000,0051I000000ROnuQAG,2017-10-03T05:32:26.000+0000,0051I000000ROnuQAG,2017-10-03T05:32:26.000+0000,,,0000000156,Vietnamese Dong,&0AQVHqM000000I1q0a,VND,
a0q1I000000MqHWQA0,0051I000000ROnuQAG,False,VUV,2017-10-03T05:32:26.000+0000,0051I000000ROnuQAG,2017-10-03T05:32:26.000+0000,0051I000000ROnuQAG,2017-10-03T05:32:26.000+0000,,,0000000157,Vanuatu Vatu,&0AQWHqM000000I1q0a,VUV,
a0q1I000000MqHXQA0,0051I000000ROnuQAG,False,WST,2017-10-03T05:32:26.000+0000,0051I000000ROnuQAG,2017-10-03T05:32:26.000+0000,0051I000000ROnuQAG,2017-10-03T05:32:26.000+0000,,,0000000158,Samoan Tala,&0AQXHqM000000I1q0a,WST,
a0q1I000000MqHYQA0,0051I000000ROnuQAG,False,XAF,2017-10-03T05:32:26.000+0000,0051I000000ROnuQAG,2017-10-03T05:32:26.000+0000,0051I000000ROnuQAG,2017-10-03T05:32:26.000+0000,,,0000000159,Cfa Franc Beac,&0AQYHqM000000I1q0a,XAF,
a0q1I000000MqHlQAK,0051I000000ROnuQAG,False,XPT,2017-10-03T05:32:26.000+0000,0051I000000ROnuQAG,2017-10-03T05:32:26.000+0000,0051I000000ROnuQAG,2017-10-03T05:32:26.000+0000,,,0000000172,Platinumÿ(Onetroy Ounce),&KAQlHqM000000I1q0a,XPT,
a0q1I000000MqHmQAK,0051I000000ROnuQAG,False,XSU,2017-10-03T05:32:26.000+0000,0051I000000ROnuQAG,2017-10-03T05:32:26.000+0000,0051I000000ROnuQAG,2017-10-03T05:32:26.000+0000,,,0000000173,Sucre,&KAQmHqM000000I1q0a,XSU,
a0q1I000000MqHnQAK,0051I000000ROnuQAG,False,XUA,2017-10-03T05:32:26.000+0000,0051I000000ROnuQAG,2017-10-03T05:32:26.000+0000,0051I000000ROnuQAG,2017-10-03T05:32:26.000+0000,,,0000000174,Adb Unit Of Account,&KAQnHqM000000I1q0a,XUA,
a0q1I000000MqHoQAK,0051I000000ROnuQAG,False,YER,2017-10-03T05:32:26.000+0000,0051I000000ROnuQAG,2017-10-03T05:32:26.000+0000,0051I000000ROnuQAG,2017-10-03T05:32:26.000+0000,,,0000000175,Yemeni Rial,&KAQoHqM000000I1q0a,YER,
a0q1I000000MqHpQAK,0051I000000ROnuQAG,False,ZAR,2017-10-03T05:32:26.000+0000,0051I000000ROnuQAG,2017-10-03T05:32:26.000+0000,0051I000000ROnuQAG,2017-10-03T05:32:26.000+0000,,,0000000176,South African Rand,&KAQpHqM000000I1q0a,ZAR,
a0q1I000000MqHqQAK,0051I000000ROnuQAG,False,ZMW,2017-10-03T05:32:26.000+0000,0051I000000ROnuQAG,2017-10-03T05:32:26.000+0000,0051I000000ROnuQAG,2017-10-03T05:32:26.000+0000,,,0000000177,Zambian Kwacha,&KAQqHqM000000I1q0a,ZMW,
a0q1I000000MqFhQAK,0051I000000ROnuQAG,False,DKK,2017-10-03T05:32:26.000+0000,0051I000000ROnuQAG,2017-10-03T05:32:26.000+0000,0051I000000ROnuQAG,2017-10-03T05:32:26.000+0000,,,0000000044,Danish Krone,&KAQhFqM000000I1q0a,DKK,
a0q1I000000MqFmQAK,0051I000000ROnuQAG,False,ETB,2017-10-03T05:32:26.000+0000,0051I000000ROnuQAG,2017-10-03T05:32:26.000+0000,0051I000000ROnuQAG,2017-10-03T05:32:26.000+0000,,,0000000049,Ethiopian Birr,&KAQmFqM000000I1q0a,ETB,
a0q1I000000MqFiQAK,0051I000000ROnuQAG,False,DOP,2017-10-03T05:32:26.000+0000,0051I000000ROnuQAG,2017-10-03T05:32:26.000+0000,0051I000000ROnuQAG,2017-10-03T05:32:26.000+0000,,,0000000045,Dominican Peso,&KAQiFqM000000I1q0a,DOP,
a0q1I000000MqFjQAK,0051I000000ROnuQAG,False,DZD,2017-10-03T05:32:26.000+0000,0051I000000ROnuQAG,2017-10-03T05:32:26.000+0000,0051I000000ROnuQAG,2017-10-03T05:32:26.000+0000,,,0000000046,Algerian Dinar,&KAQjFqM000000I1q0a,DZD,
a0q1I000000MqFkQAK,0051I000000ROnuQAG,False,EGP,2017-10-03T05:32:26.000+0000,0051I000000ROnuQAG,2017-10-03T05:32:26.000+0000,0051I000000ROnuQAG,2017-10-03T05:32:26.000+0000,,,0000000047,Egyptian Pound,&KAQkFqM000000I1q0a,EGP,
a0q1I000000MqFlQAK,0051I000000ROnuQAG,False,ERN,2017-10-03T05:32:26.000+0000,0051I000000ROnuQAG,2017-10-03T05:32:26.000+0000,0051I000000ROnuQAG,2017-10-03T05:32:26.000+0000,,,0000000048,Eritrean Nakfa,&KAQlFqM000000I1q0a,ERN,
a0q1I000000MqFnQAK,0051I000000ROnuQAG,False,EUR,2017-10-03T05:32:26.000+0000,0051I000000ROnuQAG,2017-10-03T05:32:26.000+0000,0051I000000ROnuQAG,2017-10-03T05:32:26.000+0000,,2017-12-07T21:14:35.000+0000,0000000050,Euro,&KAQnFqM000000I1q0a,EUR,
a0q1I000000MqF1QAK,0051I000000ROnuQAG,False,CAD,2017-10-03T05:32:26.000+0000,0051I000000ROnuQAG,2017-10-03T05:32:26.000+0000,0051I000000ROnuQAG,2017-10-03T05:32:26.000+0000,,,0000000002,Canadian Dollar,&KAQ1FqM000000I1q0a,CAD,
a0q1I000000MqF2QAK,0051I000000ROnuQAG,False,AED,2017-10-03T05:32:26.000+0000,0051I000000ROnuQAG,2017-10-03T05:32:26.000+0000,0051I000000ROnuQAG,2017-10-03T05:32:26.000+0000,,,0000000003,United Arab Emirates Dirham,&KAQ2FqM000000I1q0a,AED,
a0q1I000000MqF3QAK,0051I000000ROnuQAG,False,AFN,2017-10-03T05:32:26.000+0000,0051I000000ROnuQAG,2017-10-03T05:32:26.000+0000,0051I000000ROnuQAG,2017-10-03T05:32:26.000+0000,,,0000000004,Afghan Afghani,&KAQ3FqM000000I1q0a,AFN,
a0q1I000000MqF4QAK,0051I000000ROnuQAG,False,ALL,2017-10-03T05:32:26.000+0000,0051I000000ROnuQAG,2017-10-03T05:32:26.000+0000,0051I000000ROnuQAG,2017-10-03T05:32:26.000+0000,,,0000000005,Albanian Lek,&KAQ4FqM000000I1q0a,ALL,
a0q1I000000MqF5QAK,0051I000000ROnuQAG,False,AMD,2017-10-03T05:32:26.000+0000,0051I000000ROnuQAG,2017-10-03T05:32:26.000+0000,0051I000000ROnuQAG,2017-10-03T05:32:26.000+0000,,,0000000006,Armenian Dram,&KAQ5FqM000000I1q0a,AMD,
a0q1I000000MqF6QAK,0051I000000ROnuQAG,False,ANG,2017-10-03T05:32:26.000+0000,0051I000000ROnuQAG,2017-10-03T05:32:26.000+0000,0051I000000ROnuQAG,2017-10-03T05:32:26.000+0000,,,0000000007,Netherlands Antillean Guilder,&KAQ6FqM000000I1q0a,ANG,
a0q1I000000MqF7QAK,0051I000000ROnuQAG,False,AOA,2017-10-03T05:32:26.000+0000,0051I000000ROnuQAG,2017-10-03T05:32:26.000+0000,0051I000000ROnuQAG,2017-10-03T05:32:26.000+0000,,,0000000008,Angolan Kwanza,&KAQ7FqM000000I1q0a,AOA,
a0q1I000000MqF8QAK,0051I000000ROnuQAG,False,ARS,2017-10-03T05:32:26.000+0000,0051I000000ROnuQAG,2017-10-03T05:32:26.000+0000,0051I000000ROnuQAG,2017-10-03T05:32:26.000+0000,,,0000000009,Argentine Peso,&KAQ8FqM000000I1q0a,ARS,
a0q1I000000MqF9QAK,0051I000000ROnuQAG,False,AUD,2017-10-03T05:32:26.000+0000,0051I000000ROnuQAG,2017-10-03T05:32:26.000+0000,0051I000000ROnuQAG,2017-10-03T05:32:26.000+0000,,,0000000010,Australian Dollar,&KAQ9FqM000000I1q0a,AUD,
a0q1I000000MqFAQA0,0051I000000ROnuQAG,False,AWG,2017-10-03T05:32:26.000+0000,0051I000000ROnuQAG,2017-10-03T05:32:26.000+0000,0051I000000ROnuQAG,2017-10-03T05:32:26.000+0000,,,0000000011,Aruban Florin,&0AQAFqM000000I1q0a,AWG,
a0q1I000000MqF0QAK,0051I000000ROnuQAG,False,USD,2017-10-03T05:32:26.000+0000,0051I000000ROnuQAG,2017-10-03T05:32:26.000+0000,0051I000000ROnuQAG,2017-10-03T05:32:26.000+0000,,2017-12-07T21:14:35.000+0000,0000000001,United States Dollar,&KAQ0FqM000000I1q0a,USD,
a0q1I000000MqFBQA0,0051I000000ROnuQAG,False,AZN,2017-10-03T05:32:26.000+0000,0051I000000ROnuQAG,2017-10-03T05:32:26.000+0000,0051I000000ROnuQAG,2017-10-03T05:32:26.000+0000,,,0000000012,Azerbaijani Manat,&0AQBFqM000000I1q0a,AZN,
a0q1I000000MqFCQA0,0051I000000ROnuQAG,False,BAM,2017-10-03T05:32:26.000+0000,0051I000000ROnuQAG,2017-10-03T05:32:26.000+0000,0051I000000ROnuQAG,2017-10-03T05:32:26.000+0000,,,0000000013,Bosnia And Herzegovina Convertible Mark,&0AQCFqM000000I1q0a,BAM,
a0q1I000000MqFDQA0,0051I000000ROnuQAG,False,BBD,2017-10-03T05:32:26.000+0000,0051I000000ROnuQAG,2017-10-03T05:32:26.000+0000,0051I000000ROnuQAG,2017-10-03T05:32:26.000+0000,,,0000000014,Barbados Dollar,&0AQDFqM000000I1q0a,BBD,
a0q1I000000MqFEQA0,0051I000000ROnuQAG,False,BDT,2017-10-03T05:32:26.000+0000,0051I000000ROnuQAG,2017-10-03T05:32:26.000+0000,0051I000000ROnuQAG,2017-10-03T05:32:26.000+0000,,,0000000015,Bangladeshi Taka,&0AQEFqM000000I1q0a,BDT,
a0q1I000000MqFFQA0,0051I000000ROnuQAG,False,BGN,2017-10-03T05:32:26.000+0000,0051I000000ROnuQAG,2017-10-03T05:32:26.000+0000,0051I000000ROnuQAG,2017-10-03T05:32:26.000+0000,,,0000000016,Bulgarian Lev,&0AQFFqM000000I1q0a,BGN,
a0q1I000000MqFGQA0,0051I000000ROnuQAG,False,BHD,2017-10-03T05:32:26.000+0000,0051I000000ROnuQAG,2017-10-03T05:32:26.000+0000,0051I000000ROnuQAG,2017-10-03T05:32:26.000+0000,,,0000000017,Bahraini Dinar,&0AQGFqM000000I1q0a,BHD,
a0q1I000000MqFHQA0,0051I000000ROnuQAG,False,BIF,2017-10-03T05:32:26.000+0000,0051I000000ROnuQAG,2017-10-03T05:32:26.000+0000,0051I000000ROnuQAG,2017-10-03T05:32:26.000+0000,,,0000000018,Burundian Franc,&0AQHFqM000000I1q0a,BIF,
a0q1I000000MqFIQA0,0051I000000ROnuQAG,False,BMD,2017-10-03T05:32:26.000+0000,0051I000000ROnuQAG,2017-10-03T05:32:26.000+0000,0051I000000ROnuQAG,2017-10-03T05:32:26.000+0000,,,0000000019,Bermudian Dollar,&0AQIFqM000000I1q0a,BMD,
a0q1I000000MqFJQA0,0051I000000ROnuQAG,False,BND,2017-10-03T05:32:26.000+0000,0051I000000ROnuQAG,2017-10-03T05:32:26.000+0000,0051I000000ROnuQAG,2017-10-03T05:32:26.000+0000,,,0000000020,Brunei Dollar,&0AQJFqM000000I1q0a,BND,
a0q1I000000MqFKQA0,0051I000000ROnuQAG,False,BOB,2017-10-03T05:32:26.000+0000,0051I000000ROnuQAG,2017-10-03T05:32:26.000+0000,0051I000000ROnuQAG,2017-10-03T05:32:26.000+0000,,,0000000021,Boliviano,&0AQKFqM000000I1q0a,BOB,
a0q1I000000MqFLQA0,0051I000000ROnuQAG,False,BOV,2017-10-03T05:32:26.000+0000,0051I000000ROnuQAG,2017-10-03T05:32:26.000+0000,0051I000000ROnuQAG,2017-10-03T05:32:26.000+0000,,,0000000022,Bolivian Mvdol (Funds Code),&0AQLFqM000000I1q0a,BOV,
a0q1I000000MqFMQA0,0051I000000ROnuQAG,False,BRL,2017-10-03T05:32:26.000+0000,0051I000000ROnuQAG,2017-10-03T05:32:26.000+0000,0051I000000ROnuQAG,2017-10-03T05:32:26.000+0000,,,0000000023,Brazilian Real,&0AQMFqM000000I1q0a,BRL,
a0q1I000000MqFNQA0,0051I000000ROnuQAG,False,BSD,2017-10-03T05:32:26.000+0000,0051I000000ROnuQAG,2017-10-03T05:32:26.000+0000,0051I000000ROnuQAG,2017-10-03T05:32:26.000+0000,,,0000000024,Bahamian Dollar,&0AQNFqM000000I1q0a,BSD,
a0q1I000000MqFOQA0,0051I000000ROnuQAG,False,BTN,2017-10-03T05:32:26.000+0000,0051I000000ROnuQAG,2017-10-03T05:32:26.000+0000,0051I000000ROnuQAG,2017-10-03T05:32:26.000+0000,,,0000000025,Bhutanese Ngultrum,&0AQOFqM000000I1q0a,BTN,
a0q1I000000MqFPQA0,0051I000000ROnuQAG,False,BWP,2017-10-03T05:32:26.000+0000,0051I000000ROnuQAG,2017-10-03T05:32:26.000+0000,0051I000000ROnuQAG,2017-10-03T05:32:26.000+0000,,,0000000026,Botswana Pula,&0AQPFqM000000I1q0a,BWP,
a0q1I000000MqFQQA0,0051I000000ROnuQAG,False,BYN,2017-10-03T05:32:26.000+0000,0051I000000ROnuQAG,2017-10-03T05:32:26.000+0000,0051I000000ROnuQAG,2017-10-03T05:32:26.000+0000,,,0000000027,Belarusian Ruble,&0AQQFqM000000I1q0a,BYN,
a0q1I000000MqFRQA0,0051I000000ROnuQAG,False,BYR,2017-10-03T05:32:26.000+0000,0051I000000ROnuQAG,2017-10-03T05:32:26.000+0000,0051I000000ROnuQAG,2017-10-03T05:32:26.000+0000,,,0000000028,Belarusian Ruble,&0AQRFqM000000I1q0a,BYR,
a0q1I000000MqFSQA0,0051I000000ROnuQAG,False,BZD,2017-10-03T05:32:26.000+0000,0051I000000ROnuQAG,2017-10-03T05:32:26.000+0000,0051I000000ROnuQAG,2017-10-03T05:32:26.000+0000,,,0000000029,Belize Dollar,&0AQSFqM000000I1q0a,BZD,
a0q1I000000MqFTQA0,0051I000000ROnuQAG,False,CDF,2017-10-03T05:32:26.000+0000,0051I000000ROnuQAG,2017-10-03T05:32:26.000+0000,0051I000000ROnuQAG,2017-10-03T05:32:26.000+0000,,,0000000030,Congolese Franc,&0AQTFqM000000I1q0a,CDF,
a0q1I000000MqFUQA0,0051I000000ROnuQAG,False,CHF,2017-10-03T05:32:26.000+0000,0051I000000ROnuQAG,2017-10-03T05:32:26.000+0000,0051I000000ROnuQAG,2017-10-03T05:32:26.000+0000,,,0000000031,Swiss Franc,&0AQUFqM000000I1q0a,CHF,
a0q1I000000MqFVQA0,0051I000000ROnuQAG,False,CHW,2017-10-03T05:32:26.000+0000,0051I000000ROnuQAG,2017-10-03T05:32:26.000+0000,0051I000000ROnuQAG,2017-10-03T05:32:26.000+0000,,,0000000032,WirÿFranc (Complementary Currency),&0AQVFqM000000I1q0a,CHW,
a0q1I000000MqFWQA0,0051I000000ROnuQAG,False,CLF,2017-10-03T05:32:26.000+0000,0051I000000ROnuQAG,2017-10-03T05:32:26.000+0000,0051I000000ROnuQAG,2017-10-03T05:32:26.000+0000,,,0000000033,Unidad De Fomentoÿ(Funds Code),&0AQWFqM000000I1q0a,CLF,
a0q1I000000MqFXQA0,0051I000000ROnuQAG,False,CLP,2017-10-03T05:32:26.000+0000,0051I000000ROnuQAG,2017-10-03T05:32:26.000+0000,0051I000000ROnuQAG,2017-10-03T05:32:26.000+0000,,,0000000034,Chilean Peso,&0AQXFqM000000I1q0a,CLP,
a0q1I000000MqFYQA0,0051I000000ROnuQAG,False,CNY,2017-10-03T05:32:26.000+0000,0051I000000ROnuQAG,2017-10-03T05:32:26.000+0000,0051I000000ROnuQAG,2017-10-03T05:32:26.000+0000,,,0000000035,Chinese Yuan,&0AQYFqM000000I1q0a,CNY,
a0q1I000000MqFZQA0,0051I000000ROnuQAG,False,COP,2017-10-03T05:32:26.000+0000,0051I000000ROnuQAG,2017-10-03T05:32:26.000+0000,0051I000000ROnuQAG,2017-10-03T05:32:26.000+0000,,,0000000036,Colombian Peso,&0AQZFqM000000I1q0a,COP,
a0q1I000000MqFaQAK,0051I000000ROnuQAG,False,COU,2017-10-03T05:32:26.000+0000,0051I000000ROnuQAG,2017-10-03T05:32:26.000+0000,0051I000000ROnuQAG,2017-10-03T05:32:26.000+0000,,,0000000037,Unidad De Valor Real (Uvr) (Funds Code)[7],&KAQaFqM000000I1q0a,COU,
a0q1I000000MqFbQAK,0051I000000ROnuQAG,False,CRC,2017-10-03T05:32:26.000+0000,0051I000000ROnuQAG,2017-10-03T05:32:26.000+0000,0051I000000ROnuQAG,2017-10-03T05:32:26.000+0000,,,0000000038,Costa Rican Colon,&KAQbFqM000000I1q0a,CRC,
a0q1I000000MqFcQAK,0051I000000ROnuQAG,False,CUC,2017-10-03T05:32:26.000+0000,0051I000000ROnuQAG,2017-10-03T05:32:26.000+0000,0051I000000ROnuQAG,2017-10-03T05:32:26.000+0000,,,0000000039,Cuban Convertible Peso,&KAQcFqM000000I1q0a,CUC,
a0q1I000000MqFdQAK,0051I000000ROnuQAG,False,CUP,2017-10-03T05:32:26.000+0000,0051I000000ROnuQAG,2017-10-03T05:32:26.000+0000,0051I000000ROnuQAG,2017-10-03T05:32:26.000+0000,,,0000000040,Cuban Peso,&KAQdFqM000000I1q0a,CUP,
a0q1I000000MqFeQAK,0051I000000ROnuQAG,False,CVE,2017-10-03T05:32:26.000+0000,0051I000000ROnuQAG,2017-10-03T05:32:26.000+0000,0051I000000ROnuQAG,2017-10-03T05:32:26.000+0000,,,0000000041,Cape Verde Escudo,&KAQeFqM000000I1q0a,CVE,
a0q1I000000MqFfQAK,0051I000000ROnuQAG,False,CZK,2017-10-03T05:32:26.000+0000,0051I000000ROnuQAG,2017-10-03T05:32:26.000+0000,0051I000000ROnuQAG,2017-10-03T05:32:26.000+0000,,,0000000042,Czech Koruna,&KAQfFqM000000I1q0a,CZK,
a0q1I000000MqFgQAK,0051I000000ROnuQAG,False,DJF,2017-10-03T05:32:26.000+0000,0051I000000ROnuQAG,2017-10-03T05:32:26.000+0000,0051I000000ROnuQAG,2017-10-03T05:32:26.000+0000,,,0000000043,Djiboutian Franc,&KAQgFqM000000I1q0a,DJF,
a0q1I000000MqGEQA0,0051I000000ROnuQAG,False,KMF,2017-10-03T05:32:26.000+0000,0051I000000ROnuQAG,2017-10-03T05:32:26.000+0000,0051I000000ROnuQAG,2017-10-03T05:32:26.000+0000,,,0000000077,Comoro Franc,&0AQEGqM000000I1q0a,KMF,
a0q1I000000MqGFQA0,0051I000000ROnuQAG,False,KPW,2017-10-03T05:32:26.000+0000,0051I000000ROnuQAG,2017-10-03T05:32:26.000+0000,0051I000000ROnuQAG,2017-10-03T05:32:26.000+0000,,,0000000078,North Korean Won,&0AQFGqM000000I1q0a,KPW,
a0q1I000000MqGGQA0,0051I000000ROnuQAG,False,KRW,2017-10-03T05:32:26.000+0000,0051I000000ROnuQAG,2017-10-03T05:32:26.000+0000,0051I000000ROnuQAG,2017-10-03T05:32:26.000+0000,,,0000000079,South Korean Won,&0AQGGqM000000I1q0a,KRW,
a0q1I000000MqGHQA0,0051I000000ROnuQAG,False,KWD,2017-10-03T05:32:26.000+0000,0051I000000ROnuQAG,2017-10-03T05:32:26.000+0000,0051I000000ROnuQAG,2017-10-03T05:32:26.000+0000,,,0000000080,Kuwaiti Dinar,&0AQHGqM000000I1q0a,KWD,
a0q1I000000MqGIQA0,0051I000000ROnuQAG,False,KYD,2017-10-03T05:32:26.000+0000,0051I000000ROnuQAG,2017-10-03T05:32:26.000+0000,0051I000000ROnuQAG,2017-10-03T05:32:26.000+0000,,,0000000081,Cayman Islands Dollar,&0AQIGqM000000I1q0a,KYD,
a0q1I000000MqGJQA0,0051I000000ROnuQAG,False,KZT,2017-10-03T05:32:26.000+0000,0051I000000ROnuQAG,2017-10-03T05:32:26.000+0000,0051I000000ROnuQAG,2017-10-03T05:32:26.000+0000,,,0000000082,Kazakhstani Tenge,&0AQJGqM000000I1q0a,KZT,
a0q1I000000MqGKQA0,0051I000000ROnuQAG,False,LAK,2017-10-03T05:32:26.000+0000,0051I000000ROnuQAG,2017-10-03T05:32:26.000+0000,0051I000000ROnuQAG,2017-10-03T05:32:26.000+0000,,,0000000083,Lao Kip,&0AQKGqM000000I1q0a,LAK,
a0q1I000000MqGLQA0,0051I000000ROnuQAG,False,LBP,2017-10-03T05:32:26.000+0000,0051I000000ROnuQAG,2017-10-03T05:32:26.000+0000,0051I000000ROnuQAG,2017-10-03T05:32:26.000+0000,,,0000000084,Lebanese Pound,&0AQLGqM000000I1q0a,LBP,
a0q1I000000MqGMQA0,0051I000000ROnuQAG,False,LKR,2017-10-03T05:32:26.000+0000,0051I000000ROnuQAG,2017-10-03T05:32:26.000+0000,0051I000000ROnuQAG,2017-10-03T05:32:26.000+0000,,,0000000085,Sri Lankan Rupee,&0AQMGqM000000I1q0a,LKR,
a0q1I000000MqGNQA0,0051I000000ROnuQAG,False,LRD,2017-10-03T05:32:26.000+0000,0051I000000ROnuQAG,2017-10-03T05:32:26.000+0000,0051I000000ROnuQAG,2017-10-03T05:32:26.000+0000,,,0000000086,Liberian Dollar,&0AQNGqM000000I1q0a,LRD,
a0q1I000000MqGOQA0,0051I000000ROnuQAG,False,LSL,2017-10-03T05:32:26.000+0000,0051I000000ROnuQAG,2017-10-03T05:32:26.000+0000,0051I000000ROnuQAG,2017-10-03T05:32:26.000+0000,,,0000000087,Lesotho Loti,&0AQOGqM000000I1q0a,LSL,
a0q1I000000MqGPQA0,0051I000000ROnuQAG,False,LYD,2017-10-03T05:32:26.000+0000,0051I000000ROnuQAG,2017-10-03T05:32:26.000+0000,0051I000000ROnuQAG,2017-10-03T05:32:26.000+0000,,,0000000088,Libyan Dinar,&0AQPGqM000000I1q0a,LYD,
a0q1I000000MqGQQA0,0051I000000ROnuQAG,False,MAD,2017-10-03T05:32:26.000+0000,0051I000000ROnuQAG,2017-10-03T05:32:26.000+0000,0051I000000ROnuQAG,2017-10-03T05:32:26.000+0000,,,0000000089,Moroccan Dirham,&0AQQGqM000000I1q0a,MAD,
a0q1I000000MqGRQA0,0051I000000ROnuQAG,False,MDL,2017-10-03T05:32:26.000+0000,0051I000000ROnuQAG,2017-10-03T05:32:26.000+0000,0051I000000ROnuQAG,2017-10-03T05:32:26.000+0000,,,0000000090,Moldovan Leu,&0AQRGqM000000I1q0a,MDL,
a0q1I000000MqFpQAK,0051I000000ROnuQAG,False,FKP,2017-10-03T05:32:26.000+0000,0051I000000ROnuQAG,2017-10-03T05:32:26.000+0000,0051I000000ROnuQAG,2017-10-03T05:32:26.000+0000,,,0000000052,Falkland Islands Pound,&KAQpFqM000000I1q0a,FKP,
a0q1I000000MqFqQAK,0051I000000ROnuQAG,False,CHE,2017-10-03T05:32:26.000+0000,0051I000000ROnuQAG,2017-10-03T05:32:26.000+0000,0051I000000ROnuQAG,2017-10-03T05:32:26.000+0000,,,0000000053,WirÿEuro (Complementary Currency),&KAQqFqM000000I1q0a,CHE,
a0q1I000000MqFrQAK,0051I000000ROnuQAG,False,GBP,2017-10-03T05:32:26.000+0000,0051I000000ROnuQAG,2017-10-03T05:32:26.000+0000,0051I000000ROnuQAG,2017-10-03T05:32:26.000+0000,,,0000000054,Pound Sterling,&KAQrFqM000000I1q0a,GBP,
a0q1I000000MqFoQAK,0051I000000ROnuQAG,False,FJD,2017-10-03T05:32:26.000+0000,0051I000000ROnuQAG,2017-10-03T05:32:26.000+0000,0051I000000ROnuQAG,2017-10-03T05:32:26.000+0000,,,0000000051,Fiji Dollar,&KAQoFqM000000I1q0a,FJD,
a0q1I000000MqFsQAK,0051I000000ROnuQAG,False,GEL,2017-10-03T05:32:26.000+0000,0051I000000ROnuQAG,2017-10-03T05:32:26.000+0000,0051I000000ROnuQAG,2017-10-03T05:32:26.000+0000,,,0000000055,Georgian Lari,&KAQsFqM000000I1q0a,GEL,
a0q1I000000MqFtQAK,0051I000000ROnuQAG,False,GHS,2017-10-03T05:32:26.000+0000,0051I000000ROnuQAG,2017-10-03T05:32:26.000+0000,0051I000000ROnuQAG,2017-10-03T05:32:26.000+0000,,,0000000056,Ghanaian Cedi,&KAQtFqM000000I1q0a,GHS,
a0q1I000000MqFuQAK,0051I000000ROnuQAG,False,GIP,2017-10-03T05:32:26.000+0000,0051I000000ROnuQAG,2017-10-03T05:32:26.000+0000,0051I000000ROnuQAG,2017-10-03T05:32:26.000+0000,,,0000000057,Gibraltar Pound,&KAQuFqM000000I1q0a,GIP,
a0q1I000000MqGTQA0,0051I000000ROnuQAG,False,MKD,2017-10-03T05:32:26.000+0000,0051I000000ROnuQAG,2017-10-03T05:32:26.000+0000,0051I000000ROnuQAG,2017-10-03T05:32:26.000+0000,,,0000000092,Macedonian Denar,&0AQTGqM000000I1q0a,MKD,
a0q1I000000MqGUQA0,0051I000000ROnuQAG,False,MMK,2017-10-03T05:32:26.000+0000,0051I000000ROnuQAG,2017-10-03T05:32:26.000+0000,0051I000000ROnuQAG,2017-10-03T05:32:26.000+0000,,,0000000093,Myanmar Kyat,&0AQUGqM000000I1q0a,MMK,
a0q1I000000MqGVQA0,0051I000000ROnuQAG,False,MNT,2017-10-03T05:32:26.000+0000,0051I000000ROnuQAG,2017-10-03T05:32:26.000+0000,0051I000000ROnuQAG,2017-10-03T05:32:26.000+0000,,,0000000094,Mongolian T”gr”g,&0AQVGqM000000I1q0a,MNT,
a0q1I000000MqGWQA0,0051I000000ROnuQAG,False,MOP,2017-10-03T05:32:26.000+0000,0051I000000ROnuQAG,2017-10-03T05:32:26.000+0000,0051I000000ROnuQAG,2017-10-03T05:32:26.000+0000,,,0000000095,Macanese Pataca,&0AQWGqM000000I1q0a,MOP,
a0q1I000000MqGXQA0,0051I000000ROnuQAG,False,MRO,2017-10-03T05:32:26.000+0000,0051I000000ROnuQAG,2017-10-03T05:32:26.000+0000,0051I000000ROnuQAG,2017-10-03T05:32:26.000+0000,,,0000000096,Mauritanian Ouguiya,&0AQXGqM000000I1q0a,MRO,
a0q1I000000MqGSQA0,0051I000000ROnuQAG,False,MGA,2017-10-03T05:32:26.000+0000,0051I000000ROnuQAG,2017-10-03T05:32:26.000+0000,0051I000000ROnuQAG,2017-10-03T05:32:26.000+0000,,,0000000091,Malagasy Ariary,&0AQSGqM000000I1q0a,MGA,
a0q1I000000MqGYQA0,0051I000000ROnuQAG,False,MUR,2017-10-03T05:32:26.000+0000,0051I000000ROnuQAG,2017-10-03T05:32:26.000+0000,0051I000000ROnuQAG,2017-10-03T05:32:26.000+0000,,,0000000097,Mauritian Rupee,&0AQYGqM000000I1q0a,MUR,
a0q1I000000MqGZQA0,0051I000000ROnuQAG,False,MVR,2017-10-03T05:32:26.000+0000,0051I000000ROnuQAG,2017-10-03T05:32:26.000+0000,0051I000000ROnuQAG,2017-10-03T05:32:26.000+0000,,,0000000098,Maldivian Rufiyaa,&0AQZGqM000000I1q0a,MVR,
a0q1I000000MqGaQAK,0051I000000ROnuQAG,False,MWK,2017-10-03T05:32:26.000+0000,0051I000000ROnuQAG,2017-10-03T05:32:26.000+0000,0051I000000ROnuQAG,2017-10-03T05:32:26.000+0000,,,0000000099,Malawian Kwacha,&KAQaGqM000000I1q0a,MWK,
a0q1I000000MqGbQAK,0051I000000ROnuQAG,False,KES,2017-10-03T05:32:26.000+0000,0051I000000ROnuQAG,2017-10-03T05:32:26.000+0000,0051I000000ROnuQAG,2017-10-03T05:32:26.000+0000,,,0000000100,Kenyan Shilling,&KAQbGqM000000I1q0a,KES,
a0q1I000000MqGcQAK,0051I000000ROnuQAG,False,KGS,2017-10-03T05:32:26.000+0000,0051I000000ROnuQAG,2017-10-03T05:32:26.000+0000,0051I000000ROnuQAG,2017-10-03T05:32:26.000+0000,,,0000000101,Kyrgyzstani Som,&KAQcGqM000000I1q0a,KGS,
a0q1I000000MqFyQAK,0051I000000ROnuQAG,False,GYD,2017-10-03T05:32:26.000+0000,0051I000000ROnuQAG,2017-10-03T05:32:26.000+0000,0051I000000ROnuQAG,2017-10-03T05:32:26.000+0000,,,0000000061,Guyanese Dollar,&KAQyFqM000000I1q0a,GYD,
a0q1I000000MqFzQAK,0051I000000ROnuQAG,False,HKD,2017-10-03T05:32:26.000+0000,0051I000000ROnuQAG,2017-10-03T05:32:26.000+0000,0051I000000ROnuQAG,2017-10-03T05:32:26.000+0000,,,0000000062,Hong Kong Dollar,&KAQzFqM000000I1q0a,HKD,
a0q1I000000MqG0QAK,0051I000000ROnuQAG,False,HNL,2017-10-03T05:32:26.000+0000,0051I000000ROnuQAG,2017-10-03T05:32:26.000+0000,0051I000000ROnuQAG,2017-10-03T05:32:26.000+0000,,,0000000063,Honduran Lempira,&KAQ0GqM000000I1q0a,HNL,
a0q1I000000MqG1QAK,0051I000000ROnuQAG,False,HRK,2017-10-03T05:32:26.000+0000,0051I000000ROnuQAG,2017-10-03T05:32:26.000+0000,0051I000000ROnuQAG,2017-10-03T05:32:26.000+0000,,,0000000064,Croatian Kuna,&KAQ1GqM000000I1q0a,HRK,
a0q1I000000MqG2QAK,0051I000000ROnuQAG,False,HTG,2017-10-03T05:32:26.000+0000,0051I000000ROnuQAG,2017-10-03T05:32:26.000+0000,0051I000000ROnuQAG,2017-10-03T05:32:26.000+0000,,,0000000065,Haitian Gourde,&KAQ2GqM000000I1q0a,HTG,
a0q1I000000MqG3QAK,0051I000000ROnuQAG,False,HUF,2017-10-03T05:32:26.000+0000,0051I000000ROnuQAG,2017-10-03T05:32:26.000+0000,0051I000000ROnuQAG,2017-10-03T05:32:26.000+0000,,,0000000066,Hungarian Forint,&KAQ3GqM000000I1q0a,HUF,
a0q1I000000MqG4QAK,0051I000000ROnuQAG,False,IDR,2017-10-03T05:32:26.000+0000,0051I000000ROnuQAG,2017-10-03T05:32:26.000+0000,0051I000000ROnuQAG,2017-10-03T05:32:26.000+0000,,,0000000067,Indonesian Rupiah,&KAQ4GqM000000I1q0a,IDR,
a0q1I000000MqG5QAK,0051I000000ROnuQAG,False,ILS,2017-10-03T05:32:26.000+0000,0051I000000ROnuQAG,2017-10-03T05:32:26.000+0000,0051I000000ROnuQAG,2017-10-03T05:32:26.000+0000,,,0000000068,Israeli New Shekel,&KAQ5GqM000000I1q0a,ILS,
a0q1I000000MqG6QAK,0051I000000ROnuQAG,False,INR,2017-10-03T05:32:26.000+0000,0051I000000ROnuQAG,2017-10-03T05:32:26.000+0000,0051I000000ROnuQAG,2017-10-03T05:32:26.000+0000,,,0000000069,Indian Rupee,&KAQ6GqM000000I1q0a,INR,
a0q1I000000MqG7QAK,0051I000000ROnuQAG,False,IQD,2017-10-03T05:32:26.000+0000,0051I000000ROnuQAG,2017-10-03T05:32:26.000+0000,0051I000000ROnuQAG,2017-10-03T05:32:26.000+0000,,,0000000070,Iraqi Dinar,&KAQ7GqM000000I1q0a,IQD,
a0q1I000000MqG8QAK,0051I000000ROnuQAG,False,IRR,2017-10-03T05:32:26.000+0000,0051I000000ROnuQAG,2017-10-03T05:32:26.000+0000,0051I000000ROnuQAG,2017-10-03T05:32:26.000+0000,,,0000000071,Iranian Rial,&KAQ8GqM000000I1q0a,IRR,
a0q1I000000MqG9QAK,0051I000000ROnuQAG,False,ISK,2017-10-03T05:32:26.000+0000,0051I000000ROnuQAG,2017-10-03T05:32:26.000+0000,0051I000000ROnuQAG,2017-10-03T05:32:26.000+0000,,,0000000072,Icelandic Kr¢na,&KAQ9GqM000000I1q0a,ISK,
a0q1I000000MqFvQAK,0051I000000ROnuQAG,False,GMD,2017-10-03T05:32:26.000+0000,0051I000000ROnuQAG,2017-10-03T05:32:26.000+0000,0051I000000ROnuQAG,2017-10-03T05:32:26.000+0000,,,0000000058,Gambian Dalasi,&KAQvFqM000000I1q0a,GMD,
a0q1I000000MqGAQA0,0051I000000ROnuQAG,False,JMD,2017-10-03T05:32:26.000+0000,0051I000000ROnuQAG,2017-10-03T05:32:26.000+0000,0051I000000ROnuQAG,2017-10-03T05:32:26.000+0000,,,0000000073,Jamaican Dollar,&0AQAGqM000000I1q0a,JMD,
a0q1I000000MqGBQA0,0051I000000ROnuQAG,False,JOD,2017-10-03T05:32:26.000+0000,0051I000000ROnuQAG,2017-10-03T05:32:26.000+0000,0051I000000ROnuQAG,2017-10-03T05:32:26.000+0000,,,0000000074,Jordanian Dinar,&0AQBGqM000000I1q0a,JOD,
a0q1I000000MqGCQA0,0051I000000ROnuQAG,False,JPY,2017-10-03T05:32:26.000+0000,0051I000000ROnuQAG,2017-10-03T05:32:26.000+0000,0051I000000ROnuQAG,2017-10-03T05:32:26.000+0000,,,0000000075,Japanese Yen,&0AQCGqM000000I1q0a,JPY,
a0q1I000000MqFwQAK,0051I000000ROnuQAG,False,GNF,2017-10-03T05:32:26.000+0000,0051I000000ROnuQAG,2017-10-03T05:32:26.000+0000,0051I000000ROnuQAG,2017-10-03T05:32:26.000+0000,,,0000000059,Guinean Franc,&KAQwFqM000000I1q0a,GNF,
a0q1I000000MqFxQAK,0051I000000ROnuQAG,False,GTQ,2017-10-03T05:32:26.000+0000,0051I000000ROnuQAG,2017-10-03T05:32:26.000+0000,0051I000000ROnuQAG,2017-10-03T05:32:26.000+0000,,,0000000060,Guatemalan Quetzal,&KAQxFqM000000I1q0a,GTQ,
a0q1I000000MqGDQA0,0051I000000ROnuQAG,False,KHR,2017-10-03T05:32:26.000+0000,0051I000000ROnuQAG,2017-10-03T05:32:26.000+0000,0051I000000ROnuQAG,2017-10-03T05:32:26.000+0000,,,0000000076,Cambodian Riel,&0AQDGqM000000I1q0a,KHR,
a0q1I000000MqGdQAK,0051I000000ROnuQAG,False,MXN,2017-10-03T05:32:26.000+0000,0051I000000ROnuQAG,2017-10-03T05:32:26.000+0000,0051I000000ROnuQAG,2017-10-03T05:32:26.000+0000,,,0000000102,Mexican Peso,&KAQdGqM000000I1q0a,MXN,
a0q1I000000MqGeQAK,0051I000000ROnuQAG,False,MXV,2017-10-03T05:32:26.000+0000,0051I000000ROnuQAG,2017-10-03T05:32:26.000+0000,0051I000000ROnuQAG,2017-10-03T05:32:26.000+0000,,,0000000103,Mexican Unidad De Inversion(Udi) (Funds Code),&KAQeGqM000000I1q0a,MXV,
a0q1I000000MqGfQAK,0051I000000ROnuQAG,False,MYR,2017-10-03T05:32:26.000+0000,0051I000000ROnuQAG,2017-10-03T05:32:26.000+0000,0051I000000ROnuQAG,2017-10-03T05:32:26.000+0000,,,0000000104,Malaysian Ringgit,&KAQfGqM000000I1q0a,MYR,
a0q1I000000MqGgQAK,0051I000000ROnuQAG,False,MZN,2017-10-03T05:32:26.000+0000,0051I000000ROnuQAG,2017-10-03T05:32:26.000+0000,0051I000000ROnuQAG,2017-10-03T05:32:26.000+0000,,,0000000105,Mozambican Metical,&KAQgGqM000000I1q0a,MZN,
a0q1I000000MqGhQAK,0051I000000ROnuQAG,False,NAD,2017-10-03T05:32:26.000+0000,0051I000000ROnuQAG,2017-10-03T05:32:26.000+0000,0051I000000ROnuQAG,2017-10-03T05:32:26.000+0000,,,0000000106,Namibian Dollar,&KAQhGqM000000I1q0a,NAD,
a0q1I000000MqGiQAK,0051I000000ROnuQAG,False,NGN,2017-10-03T05:32:26.000+0000,0051I000000ROnuQAG,2017-10-03T05:32:26.000+0000,0051I000000ROnuQAG,2017-10-03T05:32:26.000+0000,,,0000000107,Nigerian Naira,&KAQiGqM000000I1q0a,NGN,
a0q1I000000MqGjQAK,0051I000000ROnuQAG,False,NIO,2017-10-03T05:32:26.000+0000,0051I000000ROnuQAG,2017-10-03T05:32:26.000+0000,0051I000000ROnuQAG,2017-10-03T05:32:26.000+0000,,,0000000108,Nicaraguan C¢rdoba,&KAQjGqM000000I1q0a,NIO,
a0q1I000000MqGkQAK,0051I000000ROnuQAG,False,NOK,2017-10-03T05:32:26.000+0000,0051I000000ROnuQAG,2017-10-03T05:32:26.000+0000,0051I000000ROnuQAG,2017-10-03T05:32:26.000+0000,,,0000000109,Norwegian Krone,&KAQkGqM000000I1q0a,NOK,
a0q1I000000MqGlQAK,0051I000000ROnuQAG,False,NPR,2017-10-03T05:32:26.000+0000,0051I000000ROnuQAG,2017-10-03T05:32:26.000+0000,0051I000000ROnuQAG,2017-10-03T05:32:26.000+0000,,,0000000110,Nepalese Rupee,&KAQlGqM000000I1q0a,NPR,
a0q1I000000MqGmQAK,0051I000000ROnuQAG,False,NZD,2017-10-03T05:32:26.000+0000,0051I000000ROnuQAG,2017-10-03T05:32:26.000+0000,0051I000000ROnuQAG,2017-10-03T05:32:26.000+0000,,,0000000111,New Zealand Dollar,&KAQmGqM000000I1q0a,NZD,
a0q1I000000MqGnQAK,0051I000000ROnuQAG,False,OMR,2017-10-03T05:32:26.000+0000,0051I000000ROnuQAG,2017-10-03T05:32:26.000+0000,0051I000000ROnuQAG,2017-10-03T05:32:26.000+0000,,,0000000112,Omani Rial,&KAQnGqM000000I1q0a,OMR,
a0q1I000000MqGoQAK,0051I000000ROnuQAG,False,PAB,2017-10-03T05:32:26.000+0000,0051I000000ROnuQAG,2017-10-03T05:32:26.000+0000,0051I000000ROnuQAG,2017-10-03T05:32:26.000+0000,,,0000000113,Panamanian Balboa,&KAQoGqM000000I1q0a,PAB,
a0q1I000000MqGwQAK,0051I000000ROnuQAG,False,RON,2017-10-03T05:32:26.000+0000,0051I000000ROnuQAG,2017-10-03T05:32:26.000+0000,0051I000000ROnuQAG,2017-10-03T05:32:26.000+0000,,,0000000121,Romanian Leu,&KAQwGqM000000I1q0a,RON,
a0q1I000000MqGxQAK,0051I000000ROnuQAG,False,RSD,2017-10-03T05:32:26.000+0000,0051I000000ROnuQAG,2017-10-03T05:32:26.000+0000,0051I000000ROnuQAG,2017-10-03T05:32:26.000+0000,,,0000000122,Serbian Dinar,&KAQxGqM000000I1q0a,RSD,
a0q1I000000MqGyQAK,0051I000000ROnuQAG,False,RUB,2017-10-03T05:32:26.000+0000,0051I000000ROnuQAG,2017-10-03T05:32:26.000+0000,0051I000000ROnuQAG,2017-10-03T05:32:26.000+0000,,,0000000123,Russian Ruble,&KAQyGqM000000I1q0a,RUB,
a0q1I000000MqGzQAK,0051I000000ROnuQAG,False,RWF,2017-10-03T05:32:26.000+0000,0051I000000ROnuQAG,2017-10-03T05:32:26.000+0000,0051I000000ROnuQAG,2017-10-03T05:32:26.000+0000,,,0000000124,Rwandan Franc,&KAQzGqM000000I1q0a,RWF,
a0q1I000000MqH0QAK,0051I000000ROnuQAG,False,SAR,2017-10-03T05:32:26.000+0000,0051I000000ROnuQAG,2017-10-03T05:32:26.000+0000,0051I000000ROnuQAG,2017-10-03T05:32:26.000+0000,,,0000000125,Saudi Riyal,&KAQ0HqM000000I1q0a,SAR,
a0q1I000000MqH1QAK,0051I000000ROnuQAG,False,SBD,2017-10-03T05:32:26.000+0000,0051I000000ROnuQAG,2017-10-03T05:32:26.000+0000,0051I000000ROnuQAG,2017-10-03T05:32:26.000+0000,,,0000000126,Solomon Islands Dollar,&KAQ1HqM000000I1q0a,SBD,
a0q1I000000MqH2QAK,0051I000000ROnuQAG,False,SCR,2017-10-03T05:32:26.000+0000,0051I000000ROnuQAG,2017-10-03T05:32:26.000+0000,0051I000000ROnuQAG,2017-10-03T05:32:26.000+0000,,,0000000127,Seychelles Rupee,&KAQ2HqM000000I1q0a,SCR,
a0q1I000000MqH3QAK,0051I000000ROnuQAG,False,SDG,2017-10-03T05:32:26.000+0000,0051I000000ROnuQAG,2017-10-03T05:32:26.000+0000,0051I000000ROnuQAG,2017-10-03T05:32:26.000+0000,,,0000000128,Sudanese Pound,&KAQ3HqM000000I1q0a,SDG,
a0q1I000000MqH4QAK,0051I000000ROnuQAG,False,SEK,2017-10-03T05:32:26.000+0000,0051I000000ROnuQAG,2017-10-03T05:32:26.000+0000,0051I000000ROnuQAG,2017-10-03T05:32:26.000+0000,,,0000000129,Swedish Krona/Kronor,&KAQ4HqM000000I1q0a,SEK,
a0q1I000000MqH5QAK,0051I000000ROnuQAG,False,SGD,2017-10-03T05:32:26.000+0000,0051I000000ROnuQAG,2017-10-03T05:32:26.000+0000,0051I000000ROnuQAG,2017-10-03T05:32:26.000+0000,,,0000000130,Singapore Dollar,&KAQ5HqM000000I1q0a,SGD,
a0q1I000000MqGpQAK,0051I000000ROnuQAG,False,PEN,2017-10-03T05:32:26.000+0000,0051I000000ROnuQAG,2017-10-03T05:32:26.000+0000,0051I000000ROnuQAG,2017-10-03T05:32:26.000+0000,,,0000000114,Peruvian Sol,&KAQpGqM000000I1q0a,PEN,
a0q1I000000MqGqQAK,0051I000000ROnuQAG,False,PGK,2017-10-03T05:32:26.000+0000,0051I000000ROnuQAG,2017-10-03T05:32:26.000+0000,0051I000000ROnuQAG,2017-10-03T05:32:26.000+0000,,,0000000115,Papua New Guinean Kina,&KAQqGqM000000I1q0a,PGK,
a0q1I000000MqGrQAK,0051I000000ROnuQAG,False,PHP,2017-10-03T05:32:26.000+0000,0051I000000ROnuQAG,2017-10-03T05:32:26.000+0000,0051I000000ROnuQAG,2017-10-03T05:32:26.000+0000,,,0000000116,Philippine Peso,&KAQrGqM000000I1q0a,PHP,
a0q1I000000MqGsQAK,0051I000000ROnuQAG,False,PKR,2017-10-03T05:32:26.000+0000,0051I000000ROnuQAG,2017-10-03T05:32:26.000+0000,0051I000000ROnuQAG,2017-10-03T05:32:26.000+0000,,,0000000117,Pakistani Rupee,&KAQsGqM000000I1q0a,PKR,
a0q1I000000MqGtQAK,0051I000000ROnuQAG,False,PLN,2017-10-03T05:32:26.000+0000,0051I000000ROnuQAG,2017-10-03T05:32:26.000+0000,0051I000000ROnuQAG,2017-10-03T05:32:26.000+0000,,,0000000118,Polish Z?oty,&KAQtGqM000000I1q0a,PLN,
a0q1I000000MqGuQAK,0051I000000ROnuQAG,False,PYG,2017-10-03T05:32:26.000+0000,0051I000000ROnuQAG,2017-10-03T05:32:26.000+0000,0051I000000ROnuQAG,2017-10-03T05:32:26.000+0000,,,0000000119,Paraguayan Guaran¡,&KAQuGqM000000I1q0a,PYG,
a0q1I000000MqGvQAK,0051I000000ROnuQAG,False,QAR,2017-10-03T05:32:26.000+0000,0051I000000ROnuQAG,2017-10-03T05:32:26.000+0000,0051I000000ROnuQAG,2017-10-03T05:32:26.000+0000,,,0000000120,Qatari Riyal,&KAQvGqM000000I1q0a,QAR,
a0q1I000000MqH6QAK,0051I000000ROnuQAG,False,SHP,2017-10-03T05:32:26.000+0000,0051I000000ROnuQAG,2017-10-03T05:32:26.000+0000,0051I000000ROnuQAG,2017-10-03T05:32:26.000+0000,,,0000000131,Saint Helena Pound,&KAQ6HqM000000I1q0a,SHP,
a0q1I000000MqH7QAK,0051I000000ROnuQAG,False,SLL,2017-10-03T05:32:26.000+0000,0051I000000ROnuQAG,2017-10-03T05:32:26.000+0000,0051I000000ROnuQAG,2017-10-03T05:32:26.000+0000,,,0000000132,Sierra Leonean Leone,&KAQ7HqM000000I1q0a,SLL,
a0q1I000000MqH8QAK,0051I000000ROnuQAG,False,SOS,2017-10-03T05:32:26.000+0000,0051I000000ROnuQAG,2017-10-03T05:32:26.000+0000,0051I000000ROnuQAG,2017-10-03T05:32:26.000+0000,,,0000000133,Somali Shilling,&KAQ8HqM000000I1q0a,SOS,
a0q1I000000MqH9QAK,0051I000000ROnuQAG,False,SRD,2017-10-03T05:32:26.000+0000,0051I000000ROnuQAG,2017-10-03T05:32:26.000+0000,0051I000000ROnuQAG,2017-10-03T05:32:26.000+0000,,,0000000134,Surinamese Dollar,&KAQ9HqM000000I1q0a,SRD,
a0q1I000000MqHAQA0,0051I000000ROnuQAG,False,SSP,2017-10-03T05:32:26.000+0000,0051I000000ROnuQAG,2017-10-03T05:32:26.000+0000,0051I000000ROnuQAG,2017-10-03T05:32:26.000+0000,,,0000000135,South Sudanese Pound,&0AQAHqM000000I1q0a,SSP,
a0q1I000000MqHBQA0,0051I000000ROnuQAG,False,STD,2017-10-03T05:32:26.000+0000,0051I000000ROnuQAG,2017-10-03T05:32:26.000+0000,0051I000000ROnuQAG,2017-10-03T05:32:26.000+0000,,,0000000136,S?o Tom‚ And Pr¡ncipe Dobra,&0AQBHqM000000I1q0a,STD,
a0q1I000000MqHCQA0,0051I000000ROnuQAG,False,SYP,2017-10-03T05:32:26.000+0000,0051I000000ROnuQAG,2017-10-03T05:32:26.000+0000,0051I000000ROnuQAG,2017-10-03T05:32:26.000+0000,,,0000000137,Syrian Pound,&0AQCHqM000000I1q0a,SYP,
a0q1I000000MqHDQA0,0051I000000ROnuQAG,False,SZL,2017-10-03T05:32:26.000+0000,0051I000000ROnuQAG,2017-10-03T05:32:26.000+0000,0051I000000ROnuQAG,2017-10-03T05:32:26.000+0000,,,0000000138,Swazi Lilangeni,&0AQDHqM000000I1q0a,SZL,
a0q1I000000MqHEQA0,0051I000000ROnuQAG,False,THB,2017-10-03T05:32:26.000+0000,0051I000000ROnuQAG,2017-10-03T05:32:26.000+0000,0051I000000ROnuQAG,2017-10-03T05:32:26.000+0000,,,0000000139,Thai Baht,&0AQEHqM000000I1q0a,THB,
a0q1I000000MqHFQA0,0051I000000ROnuQAG,False,TJS,2017-10-03T05:32:26.000+0000,0051I000000ROnuQAG,2017-10-03T05:32:26.000+0000,0051I000000ROnuQAG,2017-10-03T05:32:26.000+0000,,,0000000140,Tajikistani Somoni,&0AQFHqM000000I1q0a,TJS,
a0q1I000000MqHGQA0,0051I000000ROnuQAG,False,TMT,2017-10-03T05:32:26.000+0000,0051I000000ROnuQAG,2017-10-03T05:32:26.000+0000,0051I000000ROnuQAG,2017-10-03T05:32:26.000+0000,,,0000000141,Turkmenistani Manat,&0AQGHqM000000I1q0a,TMT,
a0q1I000000MqHHQA0,0051I000000ROnuQAG,False,TND,2017-10-03T05:32:26.000+0000,0051I000000ROnuQAG,2017-10-03T05:32:26.000+0000,0051I000000ROnuQAG,2017-10-03T05:32:26.000+0000,,,0000000142,Tunisian Dinar,&0AQHHqM000000I1q0a,TND,
a0q1I000000MqHIQA0,0051I000000ROnuQAG,False,TOP,2017-10-03T05:32:26.000+0000,0051I000000ROnuQAG,2017-10-03T05:32:26.000+0000,0051I000000ROnuQAG,2017-10-03T05:32:26.000+0000,,,0000000143,Tongan Pa?anga,&0AQIHqM000000I1q0a,TOP,
a0q1I000000MqHJQA0,0051I000000ROnuQAG,False,TRY,2017-10-03T05:32:26.000+0000,0051I000000ROnuQAG,2017-10-03T05:32:26.000+0000,0051I000000ROnuQAG,2017-10-03T05:32:26.000+0000,,,0000000144,Turkish Lira,&0AQJHqM000000I1q0a,TRY,
a0q1I000000MqHKQA0,0051I000000ROnuQAG,False,TTD,2017-10-03T05:32:26.000+0000,0051I000000ROnuQAG,2017-10-03T05:32:26.000+0000,0051I000000ROnuQAG,2017-10-03T05:32:26.000+0000,,,0000000145,Trinidad And Tobago Dollar,&0AQKHqM000000I1q0a,TTD,
