Id,OwnerId,IsDeleted,Name,CreatedDate,CreatedById,LastModifiedDate,LastModifiedById,SystemModstamp,LastViewedDate,LastReferencedDate,AP_Subledger_Closed__c,AP_Subledger_Cutoff__c,AP_Subledger_Job__c,AP_Subledger_Last_Run__c,AP_Subledger_job_Exception__c,AP_Valid_After__c,AR_Subledger_Closed__c,AR_Subledger_Cutoff__c,AR_Subledger_Job__c,AR_Subledger_Last_Run__c,AR_Subledger_job_Exception__c,AR_Valid_After__c,Adjustment_Period__c,Budget_Calculations_Complete__c,Closed__c,Company__c,Corporate__c,Delete_ObsoleteAEs__c,ExtId__c,FA_Subledger_Closed__c,FA_Subledger_Cutoff__c,FA_Subledger_Job__c,FA_Subledger_Last_Run__c,FA_Subledger_job_Exception__c,FA_Valid_After__c,FiscalYear__c,Fiscal_Year__c,Fiscal__c,GL_Close__c,InterCompany_Subledger_Closed__c,InterCompany_Subledger_Cutoff__c,InterCompany_Subledger_Job_Exception__c,InterCompany_Subledger_Job__c,InterCompany_Subledger_Last_Run__c,InterCompany_Valid_After__c,Inventory_Subledger_Closed__c,Inventory_Subledger_Cutoff__c,Inventory_Subledger_Job__c,Inventory_Subledger_Last_Run__c,Inventory_Subledger_job_Exception__c,Inventory_Valid_After__c,JE_Cutoff__c,JE_Subledger_Job__c,JE_Subledger_Last_Run__c,JE_Subledger_job_Exception__c,JE_Valid_After__c,Next_Period__c,Open__c,Period_Close_Job__c,Period_Closed__c,Period_End__c,Period_Number__c,Period_Start__c,Permanently_Closed__c,Primary_Key__c,Prior_Period__c,Quarter_Number__c,Receiving_Subledger_Closed__c,Receiving_Subledger_Cutoff__c,Receiving_Subledger_Job__c,Receiving_Subledger_Last_Run__c,Receiving_Subledger_job_Exception__c,Receiving_Valid_After__c,Shipment_Subledger_Closed__c,Shipment_Subledger_Cutoff__c,Shipment_Subledger_Job__c,Shipment_Subledger_Last_Run__c,Shipment_Subledger_job_Exception__c,Shipment_Valid_After__c,Tax__c,Type__c,Year_End_Date__c,Year_Start_Date__c
a231I0000006RgDQAU,0051I000000r0mDQAQ,False,17-01,2017-12-07T17:53:48.000+0000,0051I000000r0mDQAQ,2017-12-07T17:53:48.000+0000,0051I000000r0mDQAQ,2017-12-07T17:53:48.000+0000,,,,2017-02-01T08:00:00.000+0000,,,False,2017-02-01T08:00:00.000+0000,,2017-02-01T08:00:00.000+0000,,,False,2017-02-01T08:00:00.000+0000,False,False,False,a0g1I000000ue06QAA,False,False,&KAQ9V7U000000I132a,,2017-02-01T08:00:00.000+0000,,,False,2017-02-01T08:00:00.000+0000,a1D1I00000020lEUAQ,,True,,,2017-02-01T08:00:00.000+0000,False,,,2017-02-01T08:00:00.000+0000,,2017-02-01T08:00:00.000+0000,,,False,2017-02-01T08:00:00.000+0000,2017-02-01T08:00:00.000+0000,,,False,2017-02-01T08:00:00.000+0000,,True,,,2017-02-01T08:00:00.000+0000,1.0,2017-01-01T08:00:00.000+0000,False,a0g1I000000ue0617-01FalseTrueFalse,,1.0,,2017-02-01T08:00:00.000+0000,,,False,2017-02-01T08:00:00.000+0000,,2017-02-01T08:00:00.000+0000,,,False,2017-02-01T08:00:00.000+0000,False,Fiscal,,
a231I0000006RgEQAU,0051I000000r0mDQAQ,False,17-02,2017-12-07T17:53:48.000+0000,0051I000000r0mDQAQ,2017-12-07T17:53:48.000+0000,0051I000000r0mDQAQ,2017-12-07T17:53:48.000+0000,,,,2017-03-01T08:00:00.000+0000,,,False,2017-03-01T08:00:00.000+0000,,2017-03-01T08:00:00.000+0000,,,False,2017-03-01T08:00:00.000+0000,False,False,False,a0g1I000000ue06QAA,False,False,&0AQAV7U000000I132a,,2017-03-01T08:00:00.000+0000,,,False,2017-03-01T08:00:00.000+0000,a1D1I00000020lEUAQ,,True,,,2017-03-01T08:00:00.000+0000,False,,,2017-03-01T08:00:00.000+0000,,2017-03-01T08:00:00.000+0000,,,False,2017-03-01T08:00:00.000+0000,2017-03-01T08:00:00.000+0000,,,False,2017-03-01T08:00:00.000+0000,,True,,,2017-03-01T08:00:00.000+0000,2.0,2017-02-01T08:00:00.000+0000,False,a0g1I000000ue0617-02FalseTrueFalse,,1.0,,2017-03-01T08:00:00.000+0000,,,False,2017-03-01T08:00:00.000+0000,,2017-03-01T08:00:00.000+0000,,,False,2017-03-01T08:00:00.000+0000,False,Fiscal,,
a231I0000006RgFQAU,0051I000000r0mDQAQ,False,17-03,2017-12-07T17:53:48.000+0000,0051I000000r0mDQAQ,2017-12-07T17:53:48.000+0000,0051I000000r0mDQAQ,2017-12-07T17:53:48.000+0000,,,,2017-04-01T08:00:00.000+0000,,,False,2017-04-01T08:00:00.000+0000,,2017-04-01T08:00:00.000+0000,,,False,2017-04-01T08:00:00.000+0000,False,False,False,a0g1I000000ue06QAA,False,False,&0AQBV7U000000I132a,,2017-04-01T08:00:00.000+0000,,,False,2017-04-01T08:00:00.000+0000,a1D1I00000020lEUAQ,,True,,,2017-04-01T08:00:00.000+0000,False,,,2017-04-01T08:00:00.000+0000,,2017-04-01T08:00:00.000+0000,,,False,2017-04-01T08:00:00.000+0000,2017-04-01T08:00:00.000+0000,,,False,2017-04-01T08:00:00.000+0000,,True,,,2017-04-01T08:00:00.000+0000,3.0,2017-03-01T08:00:00.000+0000,False,a0g1I000000ue0617-03FalseTrueFalse,,1.0,,2017-04-01T08:00:00.000+0000,,,False,2017-04-01T08:00:00.000+0000,,2017-04-01T08:00:00.000+0000,,,False,2017-04-01T08:00:00.000+0000,False,Fiscal,,
a231I0000006RgGQAU,0051I000000r0mDQAQ,False,17-04,2017-12-07T17:53:48.000+0000,0051I000000r0mDQAQ,2017-12-07T17:53:48.000+0000,0051I000000r0mDQAQ,2017-12-07T17:53:48.000+0000,,,,2017-05-01T08:00:00.000+0000,,,False,2017-05-01T08:00:00.000+0000,,2017-05-01T08:00:00.000+0000,,,False,2017-05-01T08:00:00.000+0000,False,False,False,a0g1I000000ue06QAA,False,False,&0AQCV7U000000I132a,,2017-05-01T08:00:00.000+0000,,,False,2017-05-01T08:00:00.000+0000,a1D1I00000020lEUAQ,,True,,,2017-05-01T08:00:00.000+0000,False,,,2017-05-01T08:00:00.000+0000,,2017-05-01T08:00:00.000+0000,,,False,2017-05-01T08:00:00.000+0000,2017-05-01T08:00:00.000+0000,,,False,2017-05-01T08:00:00.000+0000,,True,,,2017-05-01T08:00:00.000+0000,4.0,2017-04-01T08:00:00.000+0000,False,a0g1I000000ue0617-04FalseTrueFalse,,2.0,,2017-05-01T08:00:00.000+0000,,,False,2017-05-01T08:00:00.000+0000,,2017-05-01T08:00:00.000+0000,,,False,2017-05-01T08:00:00.000+0000,False,Fiscal,,
a231I0000006RgHQAU,0051I000000r0mDQAQ,False,17-09,2017-12-07T17:53:48.000+0000,0051I000000r0mDQAQ,2017-12-07T17:53:48.000+0000,0051I000000r0mDQAQ,2017-12-07T17:53:48.000+0000,,,,2017-10-01T08:00:00.000+0000,,,False,2017-10-01T08:00:00.000+0000,,2017-10-01T08:00:00.000+0000,,,False,2017-10-01T08:00:00.000+0000,False,False,False,a0g1I000000ue06QAA,False,False,&0AQHV7U000000I132a,,2017-10-01T08:00:00.000+0000,,,False,2017-10-01T08:00:00.000+0000,a1D1I00000020lEUAQ,,True,,,2017-10-01T08:00:00.000+0000,False,,,2017-10-01T08:00:00.000+0000,,2017-10-01T08:00:00.000+0000,,,False,2017-10-01T08:00:00.000+0000,2017-10-01T08:00:00.000+0000,,,False,2017-10-01T08:00:00.000+0000,,True,,,2017-10-01T08:00:00.000+0000,9.0,2017-09-01T08:00:00.000+0000,False,a0g1I000000ue0617-09FalseTrueFalse,,3.0,,2017-10-01T08:00:00.000+0000,,,False,2017-10-01T08:00:00.000+0000,,2017-10-01T08:00:00.000+0000,,,False,2017-10-01T08:00:00.000+0000,False,Fiscal,,
a231I0000006RgIQAU,0051I000000r0mDQAQ,False,17-10,2017-12-07T17:53:48.000+0000,0051I000000r0mDQAQ,2017-12-07T17:53:48.000+0000,0051I000000r0mDQAQ,2017-12-07T17:53:48.000+0000,,,,2017-11-01T08:00:00.000+0000,,,False,2017-11-01T08:00:00.000+0000,,2017-11-01T08:00:00.000+0000,,,False,2017-11-01T08:00:00.000+0000,False,False,False,a0g1I000000ue06QAA,False,False,&0AQIV7U000000I132a,,2017-11-01T08:00:00.000+0000,,,False,2017-11-01T08:00:00.000+0000,a1D1I00000020lEUAQ,,True,,,2017-11-01T08:00:00.000+0000,False,,,2017-11-01T08:00:00.000+0000,,2017-11-01T08:00:00.000+0000,,,False,2017-11-01T08:00:00.000+0000,2017-11-01T08:00:00.000+0000,,,False,2017-11-01T08:00:00.000+0000,,True,,,2017-11-01T08:00:00.000+0000,10.0,2017-10-01T08:00:00.000+0000,False,a0g1I000000ue0617-10FalseTrueFalse,,4.0,,2017-11-01T08:00:00.000+0000,,,False,2017-11-01T08:00:00.000+0000,,2017-11-01T08:00:00.000+0000,,,False,2017-11-01T08:00:00.000+0000,False,Fiscal,,
a231I0000006RgJQAU,0051I000000r0mDQAQ,False,17-11,2017-12-07T17:53:48.000+0000,0051I000000r0mDQAQ,2017-12-07T17:53:48.000+0000,0051I000000r0mDQAQ,2017-12-07T17:53:48.000+0000,,,,2017-12-01T08:00:00.000+0000,,,False,2017-12-01T08:00:00.000+0000,,2017-12-01T08:00:00.000+0000,,,False,2017-12-01T08:00:00.000+0000,False,False,False,a0g1I000000ue06QAA,False,False,&0AQJV7U000000I132a,,2017-12-01T08:00:00.000+0000,,,False,2017-12-01T08:00:00.000+0000,a1D1I00000020lEUAQ,,True,,,2017-12-01T08:00:00.000+0000,False,,,2017-12-01T08:00:00.000+0000,,2017-12-01T08:00:00.000+0000,,,False,2017-12-01T08:00:00.000+0000,2017-12-01T08:00:00.000+0000,,,False,2017-12-01T08:00:00.000+0000,,True,,,2017-12-01T08:00:00.000+0000,11.0,2017-11-01T08:00:00.000+0000,False,a0g1I000000ue0617-11FalseTrueFalse,,4.0,,2017-12-01T08:00:00.000+0000,,,False,2017-12-01T08:00:00.000+0000,,2017-12-01T08:00:00.000+0000,,,False,2017-12-01T08:00:00.000+0000,False,Fiscal,,
a231I0000006RgKQAU,0051I000000r0mDQAQ,False,17-05,2017-12-07T17:53:48.000+0000,0051I000000r0mDQAQ,2017-12-07T17:53:48.000+0000,0051I000000r0mDQAQ,2017-12-07T17:53:48.000+0000,,,,2017-06-01T08:00:00.000+0000,,,False,2017-06-01T08:00:00.000+0000,,2017-06-01T08:00:00.000+0000,,,False,2017-06-01T08:00:00.000+0000,False,False,False,a0g1I000000ue06QAA,False,False,&0AQDV7U000000I132a,,2017-06-01T08:00:00.000+0000,,,False,2017-06-01T08:00:00.000+0000,a1D1I00000020lEUAQ,,True,,,2017-06-01T08:00:00.000+0000,False,,,2017-06-01T08:00:00.000+0000,,2017-06-01T08:00:00.000+0000,,,False,2017-06-01T08:00:00.000+0000,2017-06-01T08:00:00.000+0000,,,False,2017-06-01T08:00:00.000+0000,,True,,,2017-06-01T08:00:00.000+0000,5.0,2017-05-01T08:00:00.000+0000,False,a0g1I000000ue0617-05FalseTrueFalse,,2.0,,2017-06-01T08:00:00.000+0000,,,False,2017-06-01T08:00:00.000+0000,,2017-06-01T08:00:00.000+0000,,,False,2017-06-01T08:00:00.000+0000,False,Fiscal,,
a231I0000006RgLQAU,0051I000000r0mDQAQ,False,17-06,2017-12-07T17:53:48.000+0000,0051I000000r0mDQAQ,2017-12-07T17:53:48.000+0000,0051I000000r0mDQAQ,2017-12-07T17:53:48.000+0000,,,,2017-07-01T08:00:00.000+0000,,,False,2017-07-01T08:00:00.000+0000,,2017-07-01T08:00:00.000+0000,,,False,2017-07-01T08:00:00.000+0000,False,False,False,a0g1I000000ue06QAA,False,False,&0AQEV7U000000I132a,,2017-07-01T08:00:00.000+0000,,,False,2017-07-01T08:00:00.000+0000,a1D1I00000020lEUAQ,,True,,,2017-07-01T08:00:00.000+0000,False,,,2017-07-01T08:00:00.000+0000,,2017-07-01T08:00:00.000+0000,,,False,2017-07-01T08:00:00.000+0000,2017-07-01T08:00:00.000+0000,,,False,2017-07-01T08:00:00.000+0000,,True,,,2017-07-01T08:00:00.000+0000,6.0,2017-06-01T08:00:00.000+0000,False,a0g1I000000ue0617-06FalseTrueFalse,,2.0,,2017-07-01T08:00:00.000+0000,,,False,2017-07-01T08:00:00.000+0000,,2017-07-01T08:00:00.000+0000,,,False,2017-07-01T08:00:00.000+0000,False,Fiscal,,
a231I0000006RgMQAU,0051I000000r0mDQAQ,False,17-07,2017-12-07T17:53:48.000+0000,0051I000000r0mDQAQ,2017-12-07T17:53:48.000+0000,0051I000000r0mDQAQ,2017-12-07T17:53:48.000+0000,,,,2017-08-01T08:00:00.000+0000,,,False,2017-08-01T08:00:00.000+0000,,2017-08-01T08:00:00.000+0000,,,False,2017-08-01T08:00:00.000+0000,False,False,False,a0g1I000000ue06QAA,False,False,&0AQFV7U000000I132a,,2017-08-01T08:00:00.000+0000,,,False,2017-08-01T08:00:00.000+0000,a1D1I00000020lEUAQ,,True,,,2017-08-01T08:00:00.000+0000,False,,,2017-08-01T08:00:00.000+0000,,2017-08-01T08:00:00.000+0000,,,False,2017-08-01T08:00:00.000+0000,2017-08-01T08:00:00.000+0000,,,False,2017-08-01T08:00:00.000+0000,,True,,,2017-08-01T08:00:00.000+0000,7.0,2017-07-01T08:00:00.000+0000,False,a0g1I000000ue0617-07FalseTrueFalse,,3.0,,2017-08-01T08:00:00.000+0000,,,False,2017-08-01T08:00:00.000+0000,,2017-08-01T08:00:00.000+0000,,,False,2017-08-01T08:00:00.000+0000,False,Fiscal,,
a231I0000006RgNQAU,0051I000000r0mDQAQ,False,17-08,2017-12-07T17:53:48.000+0000,0051I000000r0mDQAQ,2017-12-07T17:53:48.000+0000,0051I000000r0mDQAQ,2017-12-07T17:53:48.000+0000,,,,2017-09-01T08:00:00.000+0000,,,False,2017-09-01T08:00:00.000+0000,,2017-09-01T08:00:00.000+0000,,,False,2017-09-01T08:00:00.000+0000,False,False,False,a0g1I000000ue06QAA,False,False,&0AQGV7U000000I132a,,2017-09-01T08:00:00.000+0000,,,False,2017-09-01T08:00:00.000+0000,a1D1I00000020lEUAQ,,True,,,2017-09-01T08:00:00.000+0000,False,,,2017-09-01T08:00:00.000+0000,,2017-09-01T08:00:00.000+0000,,,False,2017-09-01T08:00:00.000+0000,2017-09-01T08:00:00.000+0000,,,False,2017-09-01T08:00:00.000+0000,,True,,,2017-09-01T08:00:00.000+0000,8.0,2017-08-01T08:00:00.000+0000,False,a0g1I000000ue0617-08FalseTrueFalse,,3.0,,2017-09-01T08:00:00.000+0000,,,False,2017-09-01T08:00:00.000+0000,,2017-09-01T08:00:00.000+0000,,,False,2017-09-01T08:00:00.000+0000,False,Fiscal,,
a231I0000006RgOQAU,0051I000000r0mDQAQ,False,17-12,2017-12-07T17:53:48.000+0000,0051I000000r0mDQAQ,2017-12-07T17:53:48.000+0000,0051I000000r0mDQAQ,2017-12-07T17:53:48.000+0000,,,,2018-01-01T08:00:00.000+0000,,,False,2018-01-01T08:00:00.000+0000,,2018-01-01T08:00:00.000+0000,,,False,2018-01-01T08:00:00.000+0000,False,False,False,a0g1I000000ue06QAA,False,False,&0AQKV7U000000I132a,,2018-01-01T08:00:00.000+0000,,,False,2018-01-01T08:00:00.000+0000,a1D1I00000020lEUAQ,,True,,,2018-01-01T08:00:00.000+0000,False,,,2018-01-01T08:00:00.000+0000,,2018-01-01T08:00:00.000+0000,,,False,2018-01-01T08:00:00.000+0000,2018-01-01T08:00:00.000+0000,,,False,2018-01-01T08:00:00.000+0000,,True,,,2018-01-01T08:00:00.000+0000,12.0,2017-12-01T08:00:00.000+0000,False,a0g1I000000ue0617-12FalseTrueFalse,,4.0,,2018-01-01T08:00:00.000+0000,,,False,2018-01-01T08:00:00.000+0000,,2018-01-01T08:00:00.000+0000,,,False,2018-01-01T08:00:00.000+0000,False,Fiscal,,
a231I0000006RgPQAU,0051I000000r0mDQAQ,False,17-13,2017-12-07T17:53:48.000+0000,0051I000000r0mDQAQ,2017-12-07T17:53:48.000+0000,0051I000000r0mDQAQ,2017-12-07T17:53:48.000+0000,,,,,,,False,,,,,,False,,False,False,False,a0g1I000000ue06QAA,False,False,&0AQLV7U000000I132a,,,,,False,,a1D1I00000020lEUAQ,,True,,,,False,,,,,,,,False,,,,,False,,,True,,,,13.0,,False,a0g1I000000ue0617-13FalseTrueFalse,,,,,,,False,,,,,,False,,False,Period 13,,
a231I0000006RgQQAU,0051I000000r0mDQAQ,False,17-13,2017-12-07T17:53:48.000+0000,0051I000000r0mDQAQ,2017-12-07T17:53:48.000+0000,0051I000000r0mDQAQ,2017-12-07T17:53:48.000+0000,,,,,,,False,,,,,,False,,False,False,False,a0g1I000000ue07QAA,False,False,&0AQYV7U000000I132a,,,,,False,,a1D1I00000020lFUAQ,,True,,,,False,,,,,,,,False,,,,,False,,,True,,,,13.0,,False,a0g1I000000ue0717-13FalseTrueFalse,,,,,,,False,,,,,,False,,False,Period 13,,
a231I0000006RgRQAU,0051I000000r0mDQAQ,False,17-01,2017-12-07T17:53:48.000+0000,0051I000000r0mDQAQ,2017-12-07T17:53:48.000+0000,0051I000000r0mDQAQ,2017-12-07T17:53:48.000+0000,,,,2017-02-01T08:00:00.000+0000,,,False,2017-02-01T08:00:00.000+0000,,2017-02-01T08:00:00.000+0000,,,False,2017-02-01T08:00:00.000+0000,False,False,False,a0g1I000000ue07QAA,False,False,&0AQMV7U000000I132a,,2017-02-01T08:00:00.000+0000,,,False,2017-02-01T08:00:00.000+0000,a1D1I00000020lFUAQ,,True,,,2017-02-01T08:00:00.000+0000,False,,,2017-02-01T08:00:00.000+0000,,2017-02-01T08:00:00.000+0000,,,False,2017-02-01T08:00:00.000+0000,2017-02-01T08:00:00.000+0000,,,False,2017-02-01T08:00:00.000+0000,a231I0000006RgSQAU,True,,,2017-02-01T08:00:00.000+0000,1.0,2017-01-01T08:00:00.000+0000,False,a0g1I000000ue0717-01FalseTrueFalse,,1.0,,2017-02-01T08:00:00.000+0000,,,False,2017-02-01T08:00:00.000+0000,,2017-02-01T08:00:00.000+0000,,,False,2017-02-01T08:00:00.000+0000,False,Fiscal,,
a231I0000006RgSQAU,0051I000000r0mDQAQ,False,17-02,2017-12-07T17:53:48.000+0000,0051I000000r0mDQAQ,2017-12-07T17:53:48.000+0000,0051I000000r0mDQAQ,2017-12-07T17:53:48.000+0000,,,,2017-03-01T08:00:00.000+0000,,,False,2017-03-01T08:00:00.000+0000,,2017-03-01T08:00:00.000+0000,,,False,2017-03-01T08:00:00.000+0000,False,False,False,a0g1I000000ue07QAA,False,False,&0AQNV7U000000I132a,,2017-03-01T08:00:00.000+0000,,,False,2017-03-01T08:00:00.000+0000,a1D1I00000020lFUAQ,,True,,,2017-03-01T08:00:00.000+0000,False,,,2017-03-01T08:00:00.000+0000,,2017-03-01T08:00:00.000+0000,,,False,2017-03-01T08:00:00.000+0000,2017-03-01T08:00:00.000+0000,,,False,2017-03-01T08:00:00.000+0000,a231I0000006RgTQAU,True,,,2017-03-01T08:00:00.000+0000,2.0,2017-02-01T08:00:00.000+0000,False,a0g1I000000ue0717-02FalseTrueFalse,a231I0000006RgRQAU,1.0,,2017-03-01T08:00:00.000+0000,,,False,2017-03-01T08:00:00.000+0000,,2017-03-01T08:00:00.000+0000,,,False,2017-03-01T08:00:00.000+0000,False,Fiscal,,
a231I0000006RgTQAU,0051I000000r0mDQAQ,False,17-03,2017-12-07T17:53:48.000+0000,0051I000000r0mDQAQ,2017-12-07T17:53:48.000+0000,0051I000000r0mDQAQ,2017-12-07T17:53:48.000+0000,,,,2017-04-01T08:00:00.000+0000,,,False,2017-04-01T08:00:00.000+0000,,2017-04-01T08:00:00.000+0000,,,False,2017-04-01T08:00:00.000+0000,False,False,False,a0g1I000000ue07QAA,False,False,&0AQOV7U000000I132a,,2017-04-01T08:00:00.000+0000,,,False,2017-04-01T08:00:00.000+0000,a1D1I00000020lFUAQ,,True,,,2017-04-01T08:00:00.000+0000,False,,,2017-04-01T08:00:00.000+0000,,2017-04-01T08:00:00.000+0000,,,False,2017-04-01T08:00:00.000+0000,2017-04-01T08:00:00.000+0000,,,False,2017-04-01T08:00:00.000+0000,a231I0000006RgUQAU,True,,,2017-04-01T08:00:00.000+0000,3.0,2017-03-01T08:00:00.000+0000,False,a0g1I000000ue0717-03FalseTrueFalse,a231I0000006RgSQAU,1.0,,2017-04-01T08:00:00.000+0000,,,False,2017-04-01T08:00:00.000+0000,,2017-04-01T08:00:00.000+0000,,,False,2017-04-01T08:00:00.000+0000,False,Fiscal,,
a231I0000006RgUQAU,0051I000000r0mDQAQ,False,17-04,2017-12-07T17:53:48.000+0000,0051I000000r0mDQAQ,2017-12-07T17:53:48.000+0000,0051I000000r0mDQAQ,2017-12-07T17:53:48.000+0000,,,,2017-05-01T08:00:00.000+0000,,,False,2017-05-01T08:00:00.000+0000,,2017-05-01T08:00:00.000+0000,,,False,2017-05-01T08:00:00.000+0000,False,False,False,a0g1I000000ue07QAA,False,False,&0AQPV7U000000I132a,,2017-05-01T08:00:00.000+0000,,,False,2017-05-01T08:00:00.000+0000,a1D1I00000020lFUAQ,,True,,,2017-05-01T08:00:00.000+0000,False,,,2017-05-01T08:00:00.000+0000,,2017-05-01T08:00:00.000+0000,,,False,2017-05-01T08:00:00.000+0000,2017-05-01T08:00:00.000+0000,,,False,2017-05-01T08:00:00.000+0000,a231I0000006RgVQAU,True,,,2017-05-01T08:00:00.000+0000,4.0,2017-04-01T08:00:00.000+0000,False,a0g1I000000ue0717-04FalseTrueFalse,a231I0000006RgTQAU,2.0,,2017-05-01T08:00:00.000+0000,,,False,2017-05-01T08:00:00.000+0000,,2017-05-01T08:00:00.000+0000,,,False,2017-05-01T08:00:00.000+0000,False,Fiscal,,
a231I0000006RgVQAU,0051I000000r0mDQAQ,False,17-05,2017-12-07T17:53:48.000+0000,0051I000000r0mDQAQ,2017-12-07T17:53:48.000+0000,0051I000000r0mDQAQ,2017-12-07T17:53:48.000+0000,,,,2017-06-01T08:00:00.000+0000,,,False,2017-06-01T08:00:00.000+0000,,2017-06-01T08:00:00.000+0000,,,False,2017-06-01T08:00:00.000+0000,False,False,False,a0g1I000000ue07QAA,False,False,&0AQQV7U000000I132a,,2017-06-01T08:00:00.000+0000,,,False,2017-06-01T08:00:00.000+0000,a1D1I00000020lFUAQ,,True,,,2017-06-01T08:00:00.000+0000,False,,,2017-06-01T08:00:00.000+0000,,2017-06-01T08:00:00.000+0000,,,False,2017-06-01T08:00:00.000+0000,2017-06-01T08:00:00.000+0000,,,False,2017-06-01T08:00:00.000+0000,a231I0000006RgWQAU,True,,,2017-06-01T08:00:00.000+0000,5.0,2017-05-01T08:00:00.000+0000,False,a0g1I000000ue0717-05FalseTrueFalse,a231I0000006RgUQAU,2.0,,2017-06-01T08:00:00.000+0000,,,False,2017-06-01T08:00:00.000+0000,,2017-06-01T08:00:00.000+0000,,,False,2017-06-01T08:00:00.000+0000,False,Fiscal,,
a231I0000006RgWQAU,0051I000000r0mDQAQ,False,17-06,2017-12-07T17:53:48.000+0000,0051I000000r0mDQAQ,2017-12-07T17:53:48.000+0000,0051I000000r0mDQAQ,2017-12-07T17:53:48.000+0000,,,,2017-07-01T08:00:00.000+0000,,,False,2017-07-01T08:00:00.000+0000,,2017-07-01T08:00:00.000+0000,,,False,2017-07-01T08:00:00.000+0000,False,False,False,a0g1I000000ue07QAA,False,False,&0AQRV7U000000I132a,,2017-07-01T08:00:00.000+0000,,,False,2017-07-01T08:00:00.000+0000,a1D1I00000020lFUAQ,,True,,,2017-07-01T08:00:00.000+0000,False,,,2017-07-01T08:00:00.000+0000,,2017-07-01T08:00:00.000+0000,,,False,2017-07-01T08:00:00.000+0000,2017-07-01T08:00:00.000+0000,,,False,2017-07-01T08:00:00.000+0000,a231I0000006RgXQAU,True,,,2017-07-01T08:00:00.000+0000,6.0,2017-06-01T08:00:00.000+0000,False,a0g1I000000ue0717-06FalseTrueFalse,a231I0000006RgVQAU,2.0,,2017-07-01T08:00:00.000+0000,,,False,2017-07-01T08:00:00.000+0000,,2017-07-01T08:00:00.000+0000,,,False,2017-07-01T08:00:00.000+0000,False,Fiscal,,
a231I0000006RgXQAU,0051I000000r0mDQAQ,False,17-07,2017-12-07T17:53:48.000+0000,0051I000000r0mDQAQ,2017-12-07T17:53:48.000+0000,0051I000000r0mDQAQ,2017-12-07T17:53:48.000+0000,,,,2017-08-01T08:00:00.000+0000,,,False,2017-08-01T08:00:00.000+0000,,2017-08-01T08:00:00.000+0000,,,False,2017-08-01T08:00:00.000+0000,False,False,False,a0g1I000000ue07QAA,False,False,&0AQSV7U000000I132a,,2017-08-01T08:00:00.000+0000,,,False,2017-08-01T08:00:00.000+0000,a1D1I00000020lFUAQ,,True,,,2017-08-01T08:00:00.000+0000,False,,,2017-08-01T08:00:00.000+0000,,2017-08-01T08:00:00.000+0000,,,False,2017-08-01T08:00:00.000+0000,2017-08-01T08:00:00.000+0000,,,False,2017-08-01T08:00:00.000+0000,a231I0000006RgYQAU,True,,,2017-08-01T08:00:00.000+0000,7.0,2017-07-01T08:00:00.000+0000,False,a0g1I000000ue0717-07FalseTrueFalse,a231I0000006RgWQAU,3.0,,2017-08-01T08:00:00.000+0000,,,False,2017-08-01T08:00:00.000+0000,,2017-08-01T08:00:00.000+0000,,,False,2017-08-01T08:00:00.000+0000,False,Fiscal,,
a231I0000006RgYQAU,0051I000000r0mDQAQ,False,17-08,2017-12-07T17:53:48.000+0000,0051I000000r0mDQAQ,2017-12-07T17:53:48.000+0000,0051I000000r0mDQAQ,2017-12-07T17:53:48.000+0000,,,,2017-09-01T08:00:00.000+0000,,,False,2017-09-01T08:00:00.000+0000,,2017-09-01T08:00:00.000+0000,,,False,2017-09-01T08:00:00.000+0000,False,False,False,a0g1I000000ue07QAA,False,False,&0AQTV7U000000I132a,,2017-09-01T08:00:00.000+0000,,,False,2017-09-01T08:00:00.000+0000,a1D1I00000020lFUAQ,,True,,,2017-09-01T08:00:00.000+0000,False,,,2017-09-01T08:00:00.000+0000,,2017-09-01T08:00:00.000+0000,,,False,2017-09-01T08:00:00.000+0000,2017-09-01T08:00:00.000+0000,,,False,2017-09-01T08:00:00.000+0000,a231I0000006RgZQAU,True,,,2017-09-01T08:00:00.000+0000,8.0,2017-08-01T08:00:00.000+0000,False,a0g1I000000ue0717-08FalseTrueFalse,a231I0000006RgXQAU,3.0,,2017-09-01T08:00:00.000+0000,,,False,2017-09-01T08:00:00.000+0000,,2017-09-01T08:00:00.000+0000,,,False,2017-09-01T08:00:00.000+0000,False,Fiscal,,
a231I0000006RgZQAU,0051I000000r0mDQAQ,False,17-09,2017-12-07T17:53:48.000+0000,0051I000000r0mDQAQ,2017-12-07T17:53:48.000+0000,0051I000000r0mDQAQ,2017-12-07T17:53:48.000+0000,,,,2017-10-01T08:00:00.000+0000,,,False,2017-10-01T08:00:00.000+0000,,2017-10-01T08:00:00.000+0000,,,False,2017-10-01T08:00:00.000+0000,False,False,False,a0g1I000000ue07QAA,False,False,&0AQUV7U000000I132a,,2017-10-01T08:00:00.000+0000,,,False,2017-10-01T08:00:00.000+0000,a1D1I00000020lFUAQ,,True,,,2017-10-01T08:00:00.000+0000,False,,,2017-10-01T08:00:00.000+0000,,2017-10-01T08:00:00.000+0000,,,False,2017-10-01T08:00:00.000+0000,2017-10-01T08:00:00.000+0000,,,False,2017-10-01T08:00:00.000+0000,a231I0000006RgaQAE,True,,,2017-10-01T08:00:00.000+0000,9.0,2017-09-01T08:00:00.000+0000,False,a0g1I000000ue0717-09FalseTrueFalse,a231I0000006RgYQAU,3.0,,2017-10-01T08:00:00.000+0000,,,False,2017-10-01T08:00:00.000+0000,,2017-10-01T08:00:00.000+0000,,,False,2017-10-01T08:00:00.000+0000,False,Fiscal,,
a231I0000006RgaQAE,0051I000000r0mDQAQ,False,17-10,2017-12-07T17:53:48.000+0000,0051I000000r0mDQAQ,2017-12-07T17:53:48.000+0000,0051I000000r0mDQAQ,2017-12-07T17:53:48.000+0000,,,,2017-11-01T08:00:00.000+0000,,,False,2017-11-01T08:00:00.000+0000,,2017-11-01T08:00:00.000+0000,,,False,2017-11-01T08:00:00.000+0000,False,False,False,a0g1I000000ue07QAA,False,False,&0AQVV7U000000I132a,,2017-11-01T08:00:00.000+0000,,,False,2017-11-01T08:00:00.000+0000,a1D1I00000020lFUAQ,,True,,,2017-11-01T08:00:00.000+0000,False,,,2017-11-01T08:00:00.000+0000,,2017-11-01T08:00:00.000+0000,,,False,2017-11-01T08:00:00.000+0000,2017-11-01T08:00:00.000+0000,,,False,2017-11-01T08:00:00.000+0000,a231I0000006RgbQAE,True,,,2017-11-01T08:00:00.000+0000,10.0,2017-10-01T08:00:00.000+0000,False,a0g1I000000ue0717-10FalseTrueFalse,a231I0000006RgZQAU,4.0,,2017-11-01T08:00:00.000+0000,,,False,2017-11-01T08:00:00.000+0000,,2017-11-01T08:00:00.000+0000,,,False,2017-11-01T08:00:00.000+0000,False,Fiscal,,
a231I0000006RgbQAE,0051I000000r0mDQAQ,False,17-11,2017-12-07T17:53:48.000+0000,0051I000000r0mDQAQ,2017-12-07T17:53:48.000+0000,0051I000000r0mDQAQ,2017-12-07T17:53:48.000+0000,,,,2017-12-01T08:00:00.000+0000,,,False,2017-12-01T08:00:00.000+0000,,2017-12-01T08:00:00.000+0000,,,False,2017-12-01T08:00:00.000+0000,False,False,False,a0g1I000000ue07QAA,False,False,&0AQWV7U000000I132a,,2017-12-01T08:00:00.000+0000,,,False,2017-12-01T08:00:00.000+0000,a1D1I00000020lFUAQ,,True,,,2017-12-01T08:00:00.000+0000,False,,,2017-12-01T08:00:00.000+0000,,2017-12-01T08:00:00.000+0000,,,False,2017-12-01T08:00:00.000+0000,2017-12-01T08:00:00.000+0000,,,False,2017-12-01T08:00:00.000+0000,a231I0000006RgcQAE,True,,,2017-12-01T08:00:00.000+0000,11.0,2017-11-01T08:00:00.000+0000,False,a0g1I000000ue0717-11FalseTrueFalse,a231I0000006RgaQAE,4.0,,2017-12-01T08:00:00.000+0000,,,False,2017-12-01T08:00:00.000+0000,,2017-12-01T08:00:00.000+0000,,,False,2017-12-01T08:00:00.000+0000,False,Fiscal,,
a231I0000006RgcQAE,0051I000000r0mDQAQ,False,17-12,2017-12-07T17:53:48.000+0000,0051I000000r0mDQAQ,2017-12-07T17:53:48.000+0000,0051I000000r0mDQAQ,2017-12-07T17:53:48.000+0000,,,,2018-01-01T08:00:00.000+0000,,,False,2018-01-01T08:00:00.000+0000,,2018-01-01T08:00:00.000+0000,,,False,2018-01-01T08:00:00.000+0000,False,False,False,a0g1I000000ue07QAA,False,False,&0AQXV7U000000I132a,,2018-01-01T08:00:00.000+0000,,,False,2018-01-01T08:00:00.000+0000,a1D1I00000020lFUAQ,,True,,,2018-01-01T08:00:00.000+0000,False,,,2018-01-01T08:00:00.000+0000,,2018-01-01T08:00:00.000+0000,,,False,2018-01-01T08:00:00.000+0000,2018-01-01T08:00:00.000+0000,,,False,2018-01-01T08:00:00.000+0000,,True,,,2018-01-01T08:00:00.000+0000,12.0,2017-12-01T08:00:00.000+0000,False,a0g1I000000ue0717-12FalseTrueFalse,a231I0000006RgbQAE,4.0,,2018-01-01T08:00:00.000+0000,,,False,2018-01-01T08:00:00.000+0000,,2018-01-01T08:00:00.000+0000,,,False,2018-01-01T08:00:00.000+0000,False,Fiscal,,
